model,event_id,true_label,pred_label,pred_conf,logits,latency_sec,actor_norm
mistral:7b,NIG38954,B,B,0.95,"[0.1, 0.85, 0.02, 0.01, 0.01, 0.01]",3.17,Other Actors
mistral:7b,NIG20451,E,B,0.95,"[0.1, 0.2, 0.3, 0.1, 0.05, 0.2]",0.54,Other Actors
mistral:7b,NIG23658,E,B,0.95,"[0.1, 0.85, 0.02, 0.01, 0.01, 0.01]",0.53,Other Actors
mistral:7b,NIG35371,E,E,0.95,"[0.05, 0.1, 0.2, 0.03, 0.02, 0.6]",0.54,Other Actors
mistral:7b,NIG23287,B,B,0.85,"[0.1, 0.2, 0.3, 0.1, 0.05, 0.2]",0.54,Other Actors
mistral:7b,NIG19053,E,B,0.95,"[0.1, 0.85, 0.02, 0.0, 0.02, 0.01]",0.54,Other Actors
mistral:7b,NIG24683,B,B,0.95,"[0.1, 0.85, 0.02, 0.01, 0.01, 0.01]",0.55,Other Actors
mistral:7b,NIG34463,B,V,0.95,"[0.1, 0.05, 0.02, 0.01, 0.01, 0.76]",0.54,Other Actors
mistral:7b,NIG34018,V,V,0.95,"[0.1, 0.02, 0.01, 0.0, 0.0, 0.87]",0.54,Other Actors
mistral:7b,NIG35373,B,B,0.95,"[0.1, 0.85, 0.02, 0.01, 0.01, 0.01]",0.53,Other Actors
mistral:7b,NIG24099,V,V,0.95,"[0.1, 0.02, 0.01, 0.0, 0.0, 0.86]",0.52,Other Actors
mistral:7b,NIG37022,B,B,0.95,"[0.1, 0.85, 0.02, 0.01, 0.01, 0.01]",0.53,Other Actors
mistral:7b,NIG17498,E,B,0.95,"[0.1, 0.25, 0.2, 0.1, 0.1, 0.25]",0.53,Other Actors
mistral:7b,NIG36383,S,S,0.95,"[0.1, 0.05, 0.02, 0.0, 0.0, 0.83]",0.53,Other Actors
mistral:7b,NIG32462,S,P,0.75,"[0.1, 0.05, 0.02, 0.75, 0.02, 0.06]",0.52,Other Actors
mistral:7b,NIG25731,V,V,0.95,"[0.1, 0.02, 0.01, 0.005, 0.002, 0.863]",0.55,Other Actors
mistral:7b,NIG26125,B,B,0.95,"[0.1, 0.85, 0.02, 0.01, 0.01, 0.01]",0.53,Other Actors
mistral:7b,NIG35513,V,V,0.95,"[0.1, 0.02, 0.01, 0.0, 0.0, 0.87]",0.53,Other Actors
mistral:7b,NIG28688,E,B,0.85,"[0.1, 0.85, 0.02, 0.0, 0.03, 0.0]",0.53,Other Actors
mistral:7b,NIG17111,B,B,0.95,"[0.1, 0.25, 0.3, 0.05, 0.05, 0.25]",0.53,Other Actors
mistral:7b,NIG20124,B,B,0.95,"[0.05, 0.85, 0.02, 0.01, 0.03, 0.04]",0.53,Other Actors
mistral:7b,NIG31203,B,B,0.95,"[0.05, 0.85, 0.02, 0.01, 0.03, 0.04]",0.53,Other Actors
mistral:7b,NIG36320,B,B,0.95,"[0.1, 0.25, 0.15, 0.1, 0.1, 0.2]",0.53,Other Actors
mistral:7b,NIG21066,B,B,0.95,"[0.1, 0.75, 0.02, 0.03, 0.05, 0.05]",0.53,Other Actors
mistral:7b,NIG38569,B,B,0.85,"[0.1, 0.2, 0.3, 0.1, 0.1, 0.25]",0.54,Other Actors
mistral:7b,NIG31176,B,B,0.95,"[0.1, 0.85, 0.02, 0.01, 0.01, 0.01]",0.53,Other Actors
mistral:7b,NIG19837,B,B,0.95,"[0.1, 0.85, 0.02, 0.01, 0.01, 0.01]",0.53,Other Actors
mistral:7b,NIG24720,S,S,0.95,"[0.05, 0.02, 0.01, 0.0, 0.0, 0.92]",0.53,Other Actors
mistral:7b,NIG22664,V,V,0.95,"[0.1, 0.02, 0.01, 0.005, 0.002, 0.863]",0.56,Other Actors
mistral:7b,NIG17825,S,V,0.85,"[0.1, 0.05, 0.02, 0.01, 0.01, 0.77]",0.53,Other Actors
mistral:7b,NIG36506,B,B,0.95,"[0.1, 0.85, 0.02, 0.01, 0.01, 0.01]",0.52,Other Actors
mistral:7b,NIG30708,B,B,0.95,"[0.1, 0.85, 0.02, 0.01, 0.01, 0.01]",0.55,Other Actors
mistral:7b,NIG19711,B,B,0.95,"[0.1, 0.85, 0.02, 0.01, 0.01, 0.01]",0.52,Other Actors
mistral:7b,NIG22176,B,B,0.85,"[0.1, 0.2, 0.15, 0.05, 0.05, 0.4]",0.53,Other Actors
mistral:7b,NIG29580,B,B,0.95,"[0.1, 0.85, 0.02, 0.01, 0.01, 0.01]",0.53,Other Actors
mistral:7b,NIG32509,B,B,0.95,"[0.1, 0.85, 0.02, 0.01, 0.01, 0.01]",0.53,Other Actors
mistral:7b,NIG32700,E,B,0.95,"[0.1, 0.85, 0.02, 0.0, 0.02, 0.01]",0.52,Other Actors
mistral:7b,NIG25308,B,B,0.95,"[0.1, 0.85, 0.02, 0.01, 0.01, 0.01]",0.52,Other Actors
mistral:7b,NIG18004,V,V,0.95,"[0.1, 0.05, 0.02, 0.01, 0.005, 0.81]",0.53,Other Actors
mistral:7b,NIG26694,B,B,0.85,"[0.1, 0.2, 0.15, 0.1, 0.1, 0.2]",0.51,Other Actors
mistral:7b,NIG38198,B,B,0.95,"[0.05, 0.85, 0.02, 0.01, 0.03, 0.04]",0.53,Other Actors
mistral:7b,NIG27039,B,B,0.85,"[0.1, 0.2, 0.15, 0.05, 0.0, 0.45]",0.53,Other Actors
mistral:7b,NIG37438,B,B,0.95,"[0.1, 0.85, 0.02, 0.01, 0.01, 0.01]",0.54,Other Actors
mistral:7b,NIG25205,S,B,0.85,"[0.1, 0.2, 0.15, 0.05, 0.05, 0.4]",0.53,Other Actors
mistral:7b,NIG29268,B,B,0.95,"[0.1, 0.75, 0.05, 0.02, 0.02, 0.06]",0.53,Other Actors
mistral:7b,NIG21658,B,B,0.95,"[0.1, 0.25, 0.3, 0.1, 0.05, 0.2]",0.53,Other Actors
mistral:7b,NIG31991,S,B,0.95,"[0.05, 0.2, 0.1, 0.02, 0.01, 0.62]",0.52,Other Actors
mistral:7b,NIG19685,B,R,0.95,"[0.1, 0.05, 0.02, 0.78, 0.03, 0.02]",0.53,Other Actors
mistral:7b,NIG37154,B,B,0.95,"[0.1, 0.85, 0.02, 0.01, 0.01, 0.01]",0.53,Other Actors
mistral:7b,NIG25730,V,V,0.95,"[0.1, 0.02, 0.01, 0.0, 0.0, 0.87]",0.53,Other Actors
mistral:7b,NIG16383,B,B,0.95,"[0.05, 0.2, 0.1, 0.03, 0.02, 0.6]",0.53,Other Actors
mistral:7b,NIG36009,V,V,0.95,"[0.1, 0.05, 0.02, 0.01, 0.01, 0.81]",0.54,Other Actors
mistral:7b,NIG32903,B,B,0.95,"[0.1, 0.75, 0.05, 0.02, 0.02, 0.06]",0.54,Other Actors
mistral:7b,NIG20578,B,B,0.95,"[0.1, 0.8, 0.02, 0.03, 0.02, 0.03]",0.53,Other Actors
mistral:7b,NIG37556,B,B,0.95,"[0.05, 0.85, 0.02, 0.01, 0.03, 0.04]",0.54,Other Actors
mistral:7b,NIG36464,B,B,0.95,"[0.1, 0.75, 0.05, 0.02, 0.02, 0.06]",0.54,Other Actors
mistral:7b,NIG21370,B,B,0.95,"[0.1, 0.85, 0.02, 0.0, 0.02, 0.01]",0.53,Other Actors
mistral:7b,NIG33825,B,B,0.95,"[0.05, 0.85, 0.01, 0.02, 0.01, 0.06]",0.54,Other Actors
mistral:7b,NIG35690,B,B,0.95,"[0.1, 0.2, 0.3, 0.15, 0.05, 0.25]",0.53,Other Actors
mistral:7b,NIG18752,V,V,0.95,"[0.1, 0.05, 0.0, 0.0, 0.0, 0.85]",0.53,Other Actors
mistral:7b,NIG35644,B,V,0.85,"[0.1, 0.05, 0.02, 0.01, 0.01, 0.76]",0.53,Other Actors
mistral:7b,NIG20467,B,B,0.95,"[0.1, 0.8, 0.02, 0.03, 0.04, 0.01]",0.53,Other Actors
mistral:7b,NIG29015,B,B,0.95,"[0.1, 0.85, 0.02, 0.01, 0.01, 0.01]",0.53,Other Actors
mistral:7b,NIG16472,B,B,0.95,"[0.1, 0.85, 0.02, 0.0, 0.02, 0.01]",0.53,Other Actors
mistral:7b,NIG36611,B,B,0.95,"[0.1, 0.85, 0.02, 0.01, 0.01, 0.01]",0.53,Other Actors
mistral:7b,NIG18099,E,B,0.85,"[0.1, 0.2, 0.3, 0.1, 0.05, 0.2]",0.53,Other Actors
mistral:7b,NIG20453,E,B,0.95,"[0.1, 0.2, 0.3, 0.1, 0.05, 0.2]",0.54,Other Actors
mistral:7b,NIG36798,V,V,0.95,"[0.1, 0.05, 0.02, 0.01, 0.01, 0.81]",0.52,Other Actors
mistral:7b,NIG31066,B,B,0.95,"[0.1, 0.75, 0.05, 0.02, 0.02, 0.06]",0.52,Other Actors
mistral:7b,NIG16720,B,B,0.95,"[0.1, 0.85, 0.02, 0.01, 0.01, 0.01]",0.52,Other Actors
mistral:7b,NIG33708,B,B,0.95,"[0.1, 0.85, 0.02, 0.01, 0.01, 0.01]",0.52,Other Actors
mistral:7b,NIG27177,B,R,0.85,"[0.1, 0.05, 0.1, 0.6, 0.05, 0.05]",0.54,Other Actors
mistral:7b,NIG33719,B,B,0.95,"[0.05, 0.85, 0.02, 0.01, 0.03, 0.04]",0.51,Other Actors
mistral:7b,NIG16433,E,B,0.95,"[0.1, 0.85, 0.02, 0.0, 0.02, 0.01]",0.53,Other Actors
mistral:7b,NIG19404,B,B,0.95,"[0.1, 0.85, 0.02, 0.01, 0.01, 0.01]",0.52,Other Actors
mistral:7b,NIG38566,B,B,0.95,"[0.05, 0.85, 0.02, 0.01, 0.03, 0.04]",0.52,Other Actors
mistral:7b,NIG17627,E,B,0.95,"[0.1, 0.85, 0.02, 0.0, 0.02, 0.01]",0.53,Other Actors
mistral:7b,NIG19055,B,B,0.95,"[0.1, 0.85, 0.02, 0.01, 0.01, 0.01]",0.54,Other Actors
mistral:7b,NIG31001,B,B,0.95,"[0.1, 0.85, 0.02, 0.01, 0.01, 0.01]",0.53,Other Actors
mistral:7b,NIG19205,B,B,0.95,"[0.1, 0.85, 0.02, 0.01, 0.01, 0.01]",0.53,Other Actors
mistral:7b,NIG20707,E,B,0.85,"[0.1, 0.2, 0.3, 0.1, 0.05, 0.2]",0.54,Other Actors
mistral:7b,NIG37113,B,P,0.85,"[0.1, 0.05, 0.02, 0.85, 0.01, 0.01]",0.53,Other Actors
mistral:7b,NIG36004,B,B,0.95,"[0.1, 0.75, 0.05, 0.02, 0.02, 0.06]",0.52,Other Actors
mistral:7b,NIG29112,B,B,0.95,"[0.1, 0.85, 0.02, 0.01, 0.01, 0.01]",0.54,Other Actors
mistral:7b,NIG31834,B,B,0.95,"[0.05, 0.85, 0.02, 0.01, 0.03, 0.04]",0.54,Other Actors
mistral:7b,NIG38344,B,B,0.95,"[0.1, 0.85, 0.02, 0.01, 0.01, 0.01]",0.54,Other Actors
mistral:7b,NIG30354,S,P,0.85,"[0.1, 0.05, 0.02, 0.85, 0.0, 0.03]",0.53,Other Actors
mistral:7b,NIG37242,E,B,0.95,"[0.1, 0.85, 0.02, 0.01, 0.01, 0.01]",0.54,Other Actors
mistral:7b,NIG31748,E,B,0.95,"[0.1, 0.85, 0.02, 0.01, 0.01, 0.01]",0.53,Other Actors
mistral:7b,NIG19919,B,B,0.95,"[0.1, 0.85, 0.02, 0.01, 0.01, 0.01]",0.54,Other Actors
mistral:7b,NIG37121,B,B,0.95,"[0.1, 0.75, 0.05, 0.02, 0.02, 0.06]",0.54,Other Actors
mistral:7b,NIG37763,B,B,0.95,"[0.1, 0.75, 0.05, 0.02, 0.02, 0.06]",0.54,Other Actors
mistral:7b,NIG20485,B,B,0.95,"[0.05, 0.2, 0.1, 0.03, 0.02, 0.6]",0.54,Other Actors
mistral:7b,NIG26514,B,B,0.95,"[0.1, 0.85, 0.02, 0.01, 0.01, 0.01]",0.54,Other Actors
mistral:7b,NIG26059,E,B,0.95,"[0.1, 0.85, 0.02, 0.0, 0.02, 0.01]",0.53,Other Actors
mistral:7b,NIG37432,B,B,0.95,"[0.1, 0.85, 0.02, 0.01, 0.01, 0.01]",0.53,Other Actors
mistral:7b,NIG36405,E,E,0.95,"[0.05, 0.05, 0.2, 0.05, 0.05, 0.6]",0.54,Other Actors
mistral:7b,NIG39044,B,B,0.85,"[0.1, 0.2, 0.3, 0.15, 0.05, 0.2]",0.53,Other Actors
mistral:7b,NIG21384,B,B,0.95,"[0.1, 0.85, 0.02, 0.0, 0.02, 0.01]",0.53,Other Actors
mistral:7b,NIG31919,V,V,0.95,"[0.1, 0.05, 0.02, 0.0, 0.0, 0.83]",0.53,Other Actors
mistral:7b,NIG18022,E,B,0.95,"[0.1, 0.25, 0.3, 0.05, 0.05, 0.25]",0.54,Other Actors
mistral:7b,NIG29316,B,B,0.95,"[0.05, 0.85, 0.02, 0.01, 0.03, 0.04]",0.53,Other Actors
mistral:7b,NIG35364,S,P,0.75,"[0.1, 0.15, 0.2, 0.35, 0.05, 0.1]",0.53,Other Actors
mistral:7b,NIG35444,B,B,0.95,"[0.1, 0.85, 0.02, 0.01, 0.01, 0.01]",0.54,Other Actors
mistral:7b,NIG24336,E,S,0.95,"[0.1, 0.2, 0.3, 0.05, 0.0, 0.3]",0.54,Other Actors
mistral:7b,NIG19811,E,B,0.95,"[0.1, 0.85, 0.02, 0.0, 0.0, 0.03]",0.53,Other Actors
mistral:7b,NIG20114,B,B,0.85,"[0.1, 0.2, 0.3, 0.15, 0.05, 0.25]",0.53,Other Actors
mistral:7b,NIG31866,S,B,0.95,"[0.1, 0.2, 0.3, 0.05, 0.05, 0.25]",0.52,Other Actors
mistral:7b,NIG17799,B,B,0.95,"[0.1, 0.85, 0.02, 0.01, 0.01, 0.01]",0.52,Other Actors
mistral:7b,NIG31461,S,P,0.95,"[0.1, 0.05, 0.02, 0.78, 0.03, 0.02]",0.53,Other Actors
mistral:7b,NIG34361,B,B,0.95,"[0.1, 0.85, 0.02, 0.01, 0.01, 0.01]",0.53,Other Actors
mistral:7b,NIG22436,V,R,0.85,"[0.1, 0.05, 0.02, 0.85, 0.01, 0.02]",0.54,Other Actors
mistral:7b,NIG25940,S,V,0.95,"[0.1, 0.05, 0.0, 0.0, 0.0, 0.85]",0.54,Other Actors
mistral:7b,NIG37464,V,V,0.95,"[0.1, 0.02, 0.01, 0.0, 0.0, 0.87]",0.54,Other Actors
mistral:7b,NIG31004,B,B,0.85,"[0.1, 0.2, 0.15, 0.1, 0.1, 0.2]",0.54,Other Actors
mistral:7b,NIG19816,B,B,0.85,"[0.1, 0.2, 0.15, 0.05, 0.05, 0.4]",0.53,Other Actors
mistral:7b,NIG21933,B,B,0.95,"[0.05, 0.85, 0.02, 0.03, 0.01, 0.04]",0.54,Other Actors
mistral:7b,NIG35871,S,B,0.85,"[0.1, 0.15, 0.2, 0.3, 0.1, 0.15]",0.53,Other Actors
mistral:7b,NIG20579,B,B,0.85,"[0.1, 0.2, 0.15, 0.05, 0.02, 0.43]",0.52,Other Actors
mistral:7b,NIG25044,B,B,0.95,"[0.05, 0.85, 0.02, 0.01, 0.03, 0.04]",0.53,Other Actors
mistral:7b,NIG32452,V,V,0.95,"[0.1, 0.05, 0.02, 0.01, 0.01, 0.81]",0.53,Other Actors
mistral:7b,NIG29084,B,B,0.95,"[0.1, 0.85, 0.02, 0.01, 0.01, 0.01]",0.54,Other Actors
mistral:7b,NIG17175,E,B,0.95,"[0.1, 0.2, 0.3, 0.05, 0.05, 0.25]",0.54,Other Actors
mistral:7b,NIG20229,B,V,0.95,"[0.1, 0.05, 0.02, 0.01, 0.01, 0.81]",0.54,Other Actors
mistral:7b,NIG29313,B,B,0.95,"[0.05, 0.2, 0.1, 0.05, 0.05, 0.55]",0.53,Other Actors
mistral:7b,NIG33218,B,B,0.95,"[0.1, 0.85, 0.02, 0.01, 0.01, 0.01]",0.53,Other Actors
mistral:7b,NIG18935,B,B,0.85,"[0.1, 0.2, 0.15, 0.1, 0.1, 0.2]",0.53,Other Actors
mistral:7b,NIG25428,B,B,0.95,"[0.1, 0.85, 0.02, 0.01, 0.01, 0.01]",0.53,Other Actors
mistral:7b,NIG26524,V,V,0.95,"[0.1, 0.05, 0.02, 0.01, 0.01, 0.81]",0.53,Other Actors
mistral:7b,NIG24556,V,V,0.95,"[0.1, 0.05, 0.02, 0.01, 0.005, 0.76]",0.53,Other Actors
mistral:7b,NIG37760,B,B,0.95,"[0.1, 0.2, 0.3, 0.15, 0.05, 0.2]",0.54,Other Actors
mistral:7b,NIG29183,V,V,0.95,"[0.1, 0.05, 0.0, 0.0, 0.0, 0.85]",0.54,Other Actors
mistral:7b,NIG38483,B,B,0.95,"[0.1, 0.85, 0.02, 0.01, 0.01, 0.01]",0.54,Other Actors
mistral:7b,NIG31292,S,B,0.95,"[0.1, 0.85, 0.02, 0.0, 0.02, 0.01]",0.53,Other Actors
mistral:7b,NIG28752,B,B,0.95,"[0.05, 0.85, 0.02, 0.01, 0.03, 0.04]",0.53,Other Actors
mistral:7b,NIG18915,B,B,0.95,"[0.1, 0.85, 0.02, 0.01, 0.01, 0.01]",0.53,Other Actors
mistral:7b,NIG36281,B,B,0.95,"[0.1, 0.85, 0.02, 0.01, 0.01, 0.01]",0.53,Other Actors
mistral:7b,NIG18956,B,B,0.95,"[0.1, 0.85, 0.02, 0.01, 0.01, 0.01]",0.52,Other Actors
mistral:7b,NIG19549,B,B,0.95,"[0.1, 0.85, 0.02, 0.0, 0.02, 0.01]",0.54,Other Actors
mistral:7b,NIG31678,B,B,0.95,"[0.1, 0.2, 0.3, 0.15, 0.05, 0.2]",0.54,Other Actors
mistral:7b,NIG37435,B,B,0.95,"[0.1, 0.85, 0.02, 0.02, 0.01, 0.0]",0.53,Other Actors
mistral:7b,NIG29902,B,B,0.95,"[0.1, 0.85, 0.02, 0.01, 0.01, 0.01]",0.52,Other Actors
mistral:7b,NIG17552,E,B,0.95,"[0.1, 0.85, 0.02, 0.0, 0.02, 0.01]",0.53,Other Actors
mistral:7b,NIG20259,B,B,0.95,"[0.1, 0.85, 0.02, 0.01, 0.01, 0.01]",0.54,Other Actors
mistral:7b,NIG18477,V,P,0.95,"[0.1, 0.05, 0.02, 0.8, 0.02, 0.01]",0.54,Other Actors
mistral:7b,NIG34494,S,B,0.95,"[0.1, 0.85, 0.02, 0.01, 0.01, 0.01]",0.54,Other Actors
mistral:7b,NIG34555,V,V,0.95,"[0.1, 0.05, 0.02, 0.01, 0.005, 0.86]",0.54,Other Actors
mistral:7b,NIG26086,B,B,0.95,"[0.1, 0.85, 0.02, 0.01, 0.01, 0.01]",0.53,Other Actors
mistral:7b,NIG31148,V,V,0.95,"[0.1, 0.05, 0.02, 0.01, 0.01, 0.76]",0.53,Other Actors
mistral:7b,NIG37767,B,B,0.95,"[0.1, 0.25, 0.1, 0.1, 0.1, 0.25]",0.52,Other Actors
mistral:7b,NIG16920,E,B,0.95,"[0.1, 0.85, 0.02, 0.0, 0.02, 0.01]",0.54,Other Actors
mistral:7b,NIG35826,B,B,0.95,"[0.1, 0.85, 0.02, 0.01, 0.01, 0.01]",0.54,Other Actors
mistral:7b,NIG30355,S,B,0.85,"[0.1, 0.2, 0.15, 0.05, 0.05, 0.4]",0.53,Other Actors
mistral:7b,NIG36028,B,B,0.85,"[0.1, 0.2, 0.15, 0.05, 0.05, 0.4]",0.53,Other Actors
mistral:7b,NIG35973,S,B,0.85,"[0.1, 0.2, 0.15, 0.05, 0.05, 0.4]",0.53,Other Actors
mistral:7b,NIG36417,B,B,0.95,"[0.1, 0.85, 0.02, 0.01, 0.01, 0.01]",0.53,Other Actors
mistral:7b,NIG33235,B,B,0.95,"[0.1, 0.85, 0.02, 0.01, 0.01, 0.01]",0.53,Other Actors
mistral:7b,NIG22362,E,B,0.95,"[0.1, 0.85, 0.02, 0.0, 0.02, 0.01]",0.53,Other Actors
mistral:7b,NIG23614,B,B,0.95,"[0.1, 0.2, 0.3, 0.15, 0.05, 0.2]",0.53,Other Actors
mistral:7b,NIG19011,V,V,0.95,"[0.1, 0.05, 0.0, 0.0, 0.0, 0.85]",0.53,Other Actors
mistral:7b,NIG36022,B,B,0.95,"[0.1, 0.85, 0.02, 0.01, 0.01, 0.01]",0.54,Other Actors
mistral:7b,NIG35722,E,B,0.85,"[0.1, 0.15, 0.2, 0.1, 0.1, 0.35]",0.54,Other Actors
mistral:7b,NIG28810,E,B,0.95,"[0.1, 0.85, 0.02, 0.0, 0.02, 0.01]",0.53,Other Actors
mistral:7b,NIG35977,E,B,0.95,"[0.1, 0.85, 0.02, 0.01, 0.01, 0.01]",0.53,Other Actors
mistral:7b,NIG29718,V,V,0.95,"[0.1, 0.02, 0.01, 0.0, 0.0, 0.86]",0.53,Other Actors
mistral:7b,NIG19605,E,B,0.85,"[0.1, 0.05, 0.1, 0.2, 0.05, 0.45]",0.53,Other Actors
mistral:7b,NIG21234,B,R,0.95,"[0.05, 0.1, 0.2, 0.65, 0.0, 0.0]",0.52,Other Actors
mistral:7b,NIG16911,E,B,0.95,"[0.1, 0.85, 0.02, 0.0, 0.02, 0.01]",0.54,Other Actors
mistral:7b,NIG38111,B,B,0.85,"[0.1, 0.2, 0.3, 0.1, 0.1, 0.25]",0.54,Other Actors
mistral:7b,NIG26101,B,B,0.95,"[0.05, 0.85, 0.02, 0.01, 0.03, 0.04]",0.53,Other Actors
mistral:7b,NIG34227,B,B,0.95,"[0.1, 0.85, 0.02, 0.01, 0.01, 0.01]",0.52,Other Actors
mistral:7b,NIG18628,B,B,0.95,"[0.1, 0.85, 0.02, 0.01, 0.01, 0.01]",0.54,Other Actors
mistral:7b,NIG16121,B,B,0.95,"[0.1, 0.85, 0.02, 0.02, 0.0, 0.01]",0.54,Other Actors
mistral:7b,NIG33984,S,P,0.75,"[0.1, 0.12, 0.15, 0.3, 0.05, 0.23]",0.53,Other Actors
mistral:7b,NIG19010,B,B,0.85,"[0.1, 0.15, 0.2, 0.1, 0.1, 0.25]",0.54,Other Actors
mistral:7b,NIG20737,B,B,0.95,"[0.1, 0.85, 0.02, 0.01, 0.01, 0.01]",0.54,Other Actors
mistral:7b,NIG35731,B,B,0.95,"[0.05, 0.85, 0.02, 0.01, 0.03, 0.04]",0.55,Other Actors
mistral:7b,NIG34112,B,B,0.95,"[0.1, 0.85, 0.02, 0.01, 0.01, 0.01]",0.54,Other Actors
mistral:7b,NIG17076,V,V,0.95,"[0.1, 0.05, 0.02, 0.0, 0.0, 0.83]",0.53,Other Actors
mistral:7b,NIG29664,E,B,0.95,"[0.1, 0.85, 0.02, 0.0, 0.02, 0.01]",0.53,Other Actors
mistral:7b,NIG20608,B,B,0.95,"[0.1, 0.25, 0.3, 0.05, 0.05, 0.2]",0.53,Other Actors
mistral:7b,NIG24751,E,B,0.95,"[0.1, 0.85, 0.02, 0.0, 0.02, 0.01]",0.54,Other Actors
mistral:7b,NIG24515,B,B,0.95,"[0.1, 0.2, 0.3, 0.05, 0.0, 0.35]",0.55,Other Actors
mistral:7b,NIG19165,B,B,0.95,"[0.1, 0.85, 0.02, 0.01, 0.01, 0.01]",0.53,Other Actors
mistral:7b,NIG23702,V,V,0.95,"[0.1, 0.05, 0.02, 0.01, 0.01, 0.81]",0.53,Other Actors
mistral:7b,NIG23603,B,B,0.95,"[0.1, 0.85, 0.02, 0.01, 0.01, 0.01]",0.54,Other Actors
mistral:7b,NIG35688,B,B,0.95,"[0.1, 0.2, 0.3, 0.15, 0.05, 0.25]",0.54,Other Actors
mistral:7b,NIG16022,B,B,0.95,"[0.1, 0.85, 0.02, 0.01, 0.01, 0.01]",0.53,Other Actors
mistral:7b,NIG16113,S,B,0.95,"[0.1, 0.85, 0.02, 0.0, 0.02, 0.01]",0.52,Other Actors
mistral:7b,NIG32137,E,B,0.95,"[0.1, 0.25, 0.15, 0.1, 0.1, 0.2]",0.54,Other Actors
mistral:7b,NIG31867,S,B,0.95,"[0.1, 0.2, 0.3, 0.05, 0.05, 0.25]",0.53,Other Actors
mistral:7b,NIG27076,V,V,0.95,"[0.1, 0.02, 0.01, 0.0, 0.0, 0.87]",0.53,Other Actors
mistral:7b,NIG17267,E,B,0.95,"[0.1, 0.85, 0.02, 0.0, 0.02, 0.01]",0.53,Other Actors
mistral:7b,NIG18908,B,B,0.95,"[0.1, 0.85, 0.02, 0.01, 0.01, 0.01]",0.52,Other Actors
mistral:7b,NIG24261,B,B,0.95,"[0.1, 0.85, 0.02, 0.01, 0.01, 0.01]",0.54,Other Actors
mistral:7b,NIG16478,B,B,0.95,"[0.1, 0.85, 0.02, 0.0, 0.02, 0.01]",0.54,Other Actors
mistral:7b,NIG18224,B,B,0.85,"[0.1, 0.2, 0.3, 0.15, 0.05, 0.2]",0.52,Other Actors
mistral:7b,NIG37336,B,B,0.95,"[0.1, 0.85, 0.02, 0.01, 0.01, 0.01]",0.54,Other Actors
mistral:7b,NIG29529,B,B,0.95,"[0.05, 0.85, 0.02, 0.01, 0.03, 0.04]",0.55,Other Actors
mistral:7b,NIG25237,B,B,0.95,"[0.1, 0.85, 0.02, 0.02, 0.01, 0.0]",0.52,Other Actors
mistral:7b,NIG19121,B,B,0.95,"[0.1, 0.85, 0.02, 0.0, 0.02, 0.01]",0.52,Other Actors
mistral:7b,NIG20172,B,B,0.95,"[0.1, 0.85, 0.02, 0.01, 0.01, 0.01]",0.52,Other Actors
mistral:7b,NIG37317,E,B,0.95,"[0.05, 0.3, 0.1, 0.02, 0.01, 0.48]",0.53,Other Actors
mistral:7b,NIG17688,B,B,0.95,"[0.05, 0.85, 0.01, 0.02, 0.01, 0.06]",0.53,Other Actors
mistral:7b,NIG31252,V,V,0.95,"[0.1, 0.02, 0.01, 0.0, 0.0, 0.87]",0.52,Other Actors
mistral:7b,NIG34796,B,B,0.95,"[0.1, 0.8, 0.02, 0.03, 0.04, 0.01]",0.55,Other Actors
mistral:7b,NIG19384,B,B,0.95,"[0.1, 0.25, 0.1, 0.1, 0.1, 0.25]",0.53,Other Actors
mistral:7b,NIG33516,S,P,0.75,"[0.1, 0.05, 0.02, 0.75, 0.0, 0.08]",0.54,Other Actors
mistral:7b,NIG20056,B,B,0.95,"[0.1, 0.85, 0.02, 0.0, 0.02, 0.01]",0.53,Other Actors
mistral:7b,NIG27958,V,P,0.95,"[0.1, 0.05, 0.02, 0.85, 0.02, 0.0]",0.53,Other Actors
mistral:7b,NIG19691,B,B,0.85,"[0.1, 0.15, 0.2, 0.3, 0.1, 0.15]",0.53,Other Actors
mistral:7b,NIG29145,B,B,0.95,"[0.1, 0.85, 0.02, 0.01, 0.01, 0.01]",0.51,Other Actors
mistral:7b,NIG25747,S,E,0.95,"[0.05, 0.0, 0.95, 0.0, 0.0, 0.0]",0.54,Other Actors
mistral:7b,NIG21730,V,V,0.95,"[0.1, 0.05, 0.02, 0.0, 0.0, 0.83]",0.52,Other Actors
mistral:7b,NIG18329,E,B,0.95,"[0.1, 0.85, 0.02, 0.0, 0.02, 0.01]",0.54,Other Actors
mistral:7b,NIG36719,B,B,0.95,"[0.1, 0.85, 0.02, 0.01, 0.01, 0.01]",0.53,Other Actors
mistral:7b,NIG23965,E,V,0.95,"[0.1, 0.05, 0.02, 0.01, 0.005, 0.76]",0.54,Other Actors
mistral:7b,NIG32802,B,B,0.95,"[0.1, 0.85, 0.02, 0.01, 0.01, 0.01]",0.53,Other Actors
mistral:7b,NIG38872,V,V,0.95,"[0.1, 0.05, 0.02, 0.0, 0.0, 0.83]",0.54,Other Actors
mistral:7b,NIG30262,E,V,0.95,"[0.1, 0.05, 0.02, 0.01, 0.005, 0.81]",0.54,Other Actors
mistral:7b,NIG18354,B,B,0.95,"[0.1, 0.85, 0.02, 0.01, 0.01, 0.01]",0.53,Other Actors
mistral:7b,NIG17101,E,B,0.95,"[0.1, 0.85, 0.02, 0.0, 0.02, 0.01]",0.54,Other Actors
mistral:7b,NIG36311,S,B,0.95,"[0.1, 0.2, 0.3, 0.05, 0.05, 0.25]",0.53,Other Actors
mistral:7b,NIG37443,B,B,0.95,"[0.1, 0.85, 0.02, 0.01, 0.01, 0.01]",0.54,Other Actors
mistral:7b,NIG19000,V,V,0.95,"[0.1, 0.05, 0.02, 0.01, 0.01, 0.81]",0.53,Other Actors
mistral:7b,NIG20773,B,V,0.95,"[0.1, 0.05, 0.02, 0.01, 0.01, 0.76]",0.53,Other Actors
mistral:7b,NIG39448,B,B,0.95,"[0.1, 0.8, 0.02, 0.03, 0.04, 0.01]",0.54,Other Actors
mistral:7b,NIG34997,B,B,0.95,"[0.1, 0.85, 0.02, 0.0, 0.02, 0.01]",0.53,Other Actors
mistral:7b,NIG27102,V,V,0.95,"[0.1, 0.05, 0.02, 0.01, 0.01, 0.81]",0.51,Other Actors
mistral:7b,NIG29372,B,B,0.95,"[0.1, 0.85, 0.02, 0.01, 0.01, 0.01]",0.53,Other Actors
mistral:7b,NIG17432,B,B,0.95,"[0.1, 0.85, 0.02, 0.01, 0.01, 0.01]",0.53,Other Actors
mistral:7b,NIG26651,S,S,0.95,"[0.1, 0.05, 0.02, 0.0, 0.0, 0.83]",0.54,Other Actors
mistral:7b,NIG34532,B,B,0.95,"[0.1, 0.2, 0.3, 0.15, 0.05, 0.25]",0.54,Other Actors
mistral:7b,NIG35176,B,B,0.95,"[0.1, 0.85, 0.02, 0.01, 0.01, 0.01]",0.55,Other Actors
mistral:7b,NIG21260,B,B,0.95,"[0.1, 0.75, 0.05, 0.02, 0.02, 0.06]",0.53,Other Actors
mistral:7b,NIG28349,B,V,0.95,"[0.1, 0.02, 0.01, 0.0, 0.0, 0.87]",0.53,Other Actors
mistral:7b,NIG21038,B,B,0.95,"[0.1, 0.75, 0.05, 0.02, 0.03, 0.05]",0.53,Other Actors
mistral:7b,NIG35620,S,V,0.95,"[0.1, 0.05, 0.02, 0.01, 0.01, 0.76]",0.53,Other Actors
mistral:7b,NIG29904,B,B,0.95,"[0.1, 0.2, 0.3, 0.05, 0.05, 0.25]",0.54,Other Actors
mistral:7b,NIG20129,B,B,0.95,"[0.1, 0.25, 0.1, 0.1, 0.1, 0.25]",0.53,Other Actors
mistral:7b,NIG33906,B,B,0.95,"[0.1, 0.75, 0.05, 0.02, 0.02, 0.06]",0.53,Other Actors
mistral:7b,NIG15981,B,B,0.95,"[0.1, 0.25, 0.15, 0.05, 0.0, 0.45]",0.53,Other Actors
mistral:7b,NIG29151,B,B,0.95,"[0.1, 0.85, 0.02, 0.01, 0.01, 0.01]",0.53,Other Actors
mistral:7b,NIG17354,V,V,0.95,"[0.1, 0.05, 0.02, 0.0, 0.0, 0.83]",0.52,Other Actors
mistral:7b,NIG35416,B,B,0.95,"[0.1, 0.85, 0.02, 0.01, 0.01, 0.01]",0.53,Other Actors
mistral:7b,NIG26946,B,B,0.85,"[0.1, 0.2, 0.15, 0.05, 0.05, 0.4]",0.53,Other Actors
mistral:7b,NIG20669,B,B,0.95,"[0.1, 0.25, 0.1, 0.1, 0.1, 0.25]",0.53,Other Actors
mistral:7b,NIG32554,B,B,0.95,"[0.05, 0.85, 0.02, 0.01, 0.03, 0.04]",0.53,Other Actors
mistral:7b,NIG33702,B,B,0.95,"[0.1, 0.85, 0.02, 0.01, 0.01, 0.01]",0.54,Other Actors
mistral:7b,NIG24691,B,B,0.95,"[0.1, 0.2, 0.3, 0.05, 0.0, 0.3]",0.54,Other Actors
mistral:7b,NIG31491,B,B,0.95,"[0.05, 0.85, 0.02, 0.01, 0.03, 0.04]",0.53,Other Actors
mistral:7b,NIG29279,S,S,0.95,"[0.05, 0.02, 0.01, 0.0, 0.0, 0.92]",0.53,Other Actors
mistral:7b,NIG31142,E,B,0.95,"[0.1, 0.2, 0.3, 0.05, 0.0, 0.35]",0.54,Other Actors
mistral:7b,NIG25818,V,V,0.95,"[0.1, 0.05, 0.02, 0.0, 0.0, 0.83]",0.53,Other Actors
mistral:7b,NIG19416,B,B,0.95,"[0.1, 0.85, 0.02, 0.01, 0.01, 0.01]",0.54,Other Actors
mistral:7b,NIG31900,B,B,0.95,"[0.1, 0.85, 0.02, 0.01, 0.01, 0.01]",0.52,Other Actors
mistral:7b,NIG19196,B,B,0.95,"[0.1, 0.85, 0.02, 0.01, 0.01, 0.01]",0.53,Other Actors
mistral:7b,NIG38588,S,S,0.95,"[0.05, 0.02, 0.1, 0.0, 0.0, 0.83]",0.53,Other Actors
mistral:7b,NIG32838,S,E,0.95,"[0.05, 0.02, 0.1, 0.03, 0.01, 0.79]",0.54,Other Actors
mistral:7b,NIG19553,B,B,0.95,"[0.1, 0.85, 0.02, 0.0, 0.02, 0.01]",0.53,Other Actors
mistral:7b,NIG26624,E,B,0.85,"[0.1, 0.85, 0.02, 0.03, 0.01, 0.0]",0.54,Other Actors
mistral:7b,NIG26097,B,B,0.95,"[0.05, 0.85, 0.02, 0.01, 0.03, 0.04]",0.54,Other Actors
mistral:7b,NIG34229,B,B,0.95,"[0.1, 0.85, 0.02, 0.01, 0.01, 0.01]",0.53,Other Actors
mistral:7b,NIG32631,B,B,0.95,"[0.1, 0.2, 0.3, 0.15, 0.05, 0.2]",0.52,Other Actors
mistral:7b,NIG31430,B,B,0.95,"[0.1, 0.75, 0.05, 0.02, 0.02, 0.06]",0.55,Other Actors
mistral:7b,NIG33116,V,V,0.95,"[0.1, 0.05, 0.02, 0.01, 0.01, 0.81]",0.53,Other Actors
mistral:7b,NIG17399,V,V,0.95,"[0.1, 0.05, 0.02, 0.0, 0.0, 0.83]",0.54,Other Actors
mistral:7b,NIG25812,B,B,0.95,"[0.1, 0.85, 0.02, 0.01, 0.01, 0.01]",0.54,Other Actors
mistral:7b,NIG33896,E,B,0.95,"[0.1, 0.85, 0.02, 0.01, 0.01, 0.01]",0.55,Other Actors
mistral:7b,NIG38207,B,B,0.95,"[0.1, 0.85, 0.02, 0.01, 0.01, 0.01]",0.53,Other Actors
mistral:7b,NIG17110,B,B,0.95,"[0.1, 0.25, 0.2, 0.05, 0.0, 0.4]",0.52,Other Actors
mistral:7b,NIG34183,B,B,0.95,"[0.1, 0.25, 0.3, 0.05, 0.05, 0.25]",0.54,Other Actors
mistral:7b,NIG26155,V,V,0.95,"[0.1, 0.05, 0.02, 0.01, 0.01, 0.76]",0.54,Other Actors
mistral:7b,NIG20662,B,B,0.95,"[0.1, 0.85, 0.02, 0.0, 0.02, 0.01]",0.53,Other Actors
mistral:7b,NIG35001,B,B,0.95,"[0.1, 0.85, 0.02, 0.01, 0.01, 0.01]",0.53,Other Actors
mistral:7b,NIG19271,B,B,0.95,"[0.1, 0.85, 0.02, 0.01, 0.01, 0.01]",0.51,Other Actors
mistral:7b,NIG19162,B,B,0.95,"[0.1, 0.85, 0.02, 0.01, 0.01, 0.01]",0.54,Other Actors
mistral:7b,NIG34944,B,B,0.95,"[0.1, 0.85, 0.02, 0.01, 0.01, 0.01]",0.54,Other Actors
mistral:7b,NIG34847,B,B,0.95,"[0.1, 0.85, 0.02, 0.02, 0.0, 0.01]",0.52,Other Actors
mistral:7b,NIG24337,E,B,0.95,"[0.1, 0.85, 0.02, 0.0, 0.02, 0.01]",0.53,Other Actors
mistral:7b,NIG16996,B,B,0.95,"[0.1, 0.2, 0.3, 0.1, 0.05, 0.2]",0.54,Other Actors
mistral:7b,NIG22441,V,V,0.95,"[0.1, 0.02, 0.01, 0.0, 0.0, 0.87]",0.53,Other Actors
mistral:7b,NIG32998,B,B,0.95,"[0.05, 0.85, 0.02, 0.01, 0.03, 0.04]",0.54,Other Actors
mistral:7b,NIG20827,B,B,0.95,"[0.05, 0.2, 0.1, 0.05, 0.05, 0.55]",0.53,Other Actors
mistral:7b,NIG19449,B,B,0.95,"[0.1, 0.85, 0.02, 0.01, 0.01, 0.01]",0.53,Other Actors
mistral:7b,NIG29485,E,B,0.95,"[0.05, 0.2, 0.1, 0.03, 0.02, 0.6]",0.54,Other Actors
mistral:7b,NIG35177,B,B,0.95,"[0.1, 0.25, 0.3, 0.1, 0.05, 0.2]",0.53,Other Actors
mistral:7b,NIG38199,B,B,0.95,"[0.1, 0.85, 0.02, 0.01, 0.01, 0.01]",0.54,Other Actors
mistral:7b,NIG23643,B,B,0.95,"[0.05, 0.85, 0.02, 0.01, 0.03, 0.04]",0.53,Other Actors
mistral:7b,NIG37312,S,B,0.95,"[0.1, 0.25, 0.1, 0.05, 0.05, 0.45]",0.53,Other Actors
mistral:7b,NIG31641,S,B,0.95,"[0.1, 0.25, 0.1, 0.05, 0.05, 0.45]",0.53,Other Actors
mistral:7b,NIG30021,V,V,0.95,"[0.1, 0.05, 0.02, 0.0, 0.0, 0.83]",0.54,Other Actors
mistral:7b,NIG36316,B,B,0.85,"[0.1, 0.15, 0.2, 0.2, 0.15, 0.15]",0.54,Other Actors
mistral:7b,NIG21013,B,V,0.95,"[0.1, 0.05, 0.02, 0.01, 0.005, 0.76]",0.55,Other Actors
mistral:7b,NIG17691,B,B,0.95,"[0.05, 0.2, 0.1, 0.03, 0.02, 0.6]",0.53,Other Actors
mistral:7b,NIG20170,B,B,0.95,"[0.05, 0.85, 0.02, 0.01, 0.03, 0.04]",0.51,Other Actors
mistral:7b,NIG36576,S,B,0.95,"[0.1, 0.85, 0.02, 0.0, 0.02, 0.01]",0.51,Other Actors
mistral:7b,NIG35482,B,B,0.95,"[0.1, 0.25, 0.15, 0.1, 0.1, 0.2]",0.54,Other Actors
mistral:7b,NIG19274,B,B,0.95,"[0.1, 0.75, 0.02, 0.03, 0.05, 0.05]",0.53,Other Actors
mistral:7b,NIG37577,B,B,0.85,"[0.1, 0.25, 0.1, 0.1, 0.1, 0.25]",0.54,Other Actors
mistral:7b,NIG33646,B,B,0.95,"[0.1, 0.25, 0.15, 0.1, 0.1, 0.2]",0.54,Other Actors
mistral:7b,NIG36418,B,B,0.95,"[0.1, 0.85, 0.02, 0.01, 0.01, 0.01]",0.53,Other Actors
mistral:7b,NIG17403,B,B,0.95,"[0.1, 0.85, 0.02, 0.0, 0.0, 0.03]",0.53,Other Actors
mistral:7b,NIG29126,B,B,0.95,"[0.1, 0.85, 0.02, 0.01, 0.01, 0.01]",0.53,Other Actors
mistral:7b,NIG26282,E,B,0.95,"[0.1, 0.85, 0.02, 0.0, 0.02, 0.01]",0.53,Other Actors
mistral:7b,NIG36026,S,P,0.75,"[0.1, 0.15, 0.2, 0.3, 0.1, 0.05]",0.54,Other Actors
mistral:7b,NIG20535,B,B,0.95,"[0.1, 0.75, 0.02, 0.03, 0.05, 0.05]",0.52,Other Actors
mistral:7b,NIG32149,B,B,0.95,"[0.1, 0.25, 0.15, 0.1, 0.1, 0.2]",0.54,Other Actors
mistral:7b,NIG30356,S,S,0.95,"[0.05, 0.02, 0.01, 0.0, 0.0, 0.92]",0.54,Other Actors
mistral:7b,NIG22636,B,R,0.95,"[0.1, 0.05, 0.02, 0.8, 0.02, 0.01]",0.53,Other Actors
mistral:7b,NIG34773,B,B,0.95,"[0.1, 0.85, 0.02, 0.01, 0.01, 0.01]",0.53,Other Actors
mistral:7b,NIG34466,B,B,0.95,"[0.05, 0.85, 0.01, 0.02, 0.01, 0.06]",0.53,Other Actors
mistral:7b,NIG38684,B,B,0.95,"[0.1, 0.8, 0.02, 0.03, 0.04, 0.01]",0.54,Other Actors
mistral:7b,NIG34115,E,B,0.95,"[0.1, 0.85, 0.02, 0.01, 0.01, 0.01]",0.54,Other Actors
mistral:7b,NIG30717,B,B,0.95,"[0.1, 0.2, 0.3, 0.05, 0.05, 0.25]",0.54,Other Actors
mistral:7b,NIG31079,B,B,0.95,"[0.05, 0.85, 0.02, 0.01, 0.03, 0.04]",0.53,Other Actors
mistral:7b,NIG31458,B,V,0.95,"[0.1, 0.05, 0.02, 0.01, 0.01, 0.81]",0.54,Other Actors
mistral:7b,NIG20990,B,B,0.95,"[0.1, 0.75, 0.05, 0.0, 0.0, 0.1]",0.53,Other Actors
mistral:7b,NIG28891,E,B,0.95,"[0.1, 0.85, 0.02, 0.0, 0.02, 0.01]",0.53,Other Actors
mistral:7b,NIG28012,B,B,0.95,"[0.1, 0.85, 0.02, 0.0, 0.02, 0.01]",0.53,Other Actors
mistral:7b,NIG26442,B,B,0.95,"[0.1, 0.8, 0.02, 0.03, 0.02, 0.07]",0.54,Other Actors
mistral:7b,NIG19921,B,B,0.95,"[0.1, 0.85, 0.02, 0.01, 0.01, 0.01]",0.53,Other Actors
mistral:7b,NIG21103,B,B,0.95,"[0.1, 0.8, 0.02, 0.0, 0.03, 0.05]",0.53,Other Actors
mistral:7b,NIG16788,E,B,0.95,"[0.1, 0.85, 0.02, 0.0, 0.02, 0.01]",0.53,Other Actors
mistral:7b,NIG37318,E,E,0.95,"[0.05, 0.05, 0.3, 0.05, 0.05, 0.4]",0.52,Other Actors
mistral:7b,NIG37574,B,B,0.85,"[0.1, 0.2, 0.15, 0.05, 0.05, 0.4]",0.53,Other Actors
mistral:7b,NIG20524,B,B,0.95,"[0.1, 0.85, 0.02, 0.01, 0.01, 0.01]",0.53,Other Actors
mistral:7b,NIG23791,B,B,0.95,"[0.1, 0.85, 0.02, 0.01, 0.01, 0.01]",0.53,Other Actors
mistral:7b,NIG17493,E,B,0.95,"[0.1, 0.2, 0.3, 0.1, 0.1, 0.25]",0.53,Other Actors
mistral:7b,NIG27038,B,B,0.85,"[0.1, 0.2, 0.15, 0.05, 0.05, 0.4]",0.53,Other Actors
mistral:7b,NIG31747,E,B,0.95,"[0.1, 0.25, 0.15, 0.05, 0.0, 0.45]",0.53,Other Actors
mistral:7b,NIG20342,B,B,0.95,"[0.1, 0.85, 0.02, 0.01, 0.01, 0.01]",0.53,Other Actors
mistral:7b,NIG19067,E,B,0.95,"[0.1, 0.85, 0.02, 0.0, 0.0, 0.03]",0.53,Other Actors
mistral:7b,NIG35156,E,B,0.95,"[0.1, 0.85, 0.02, 0.01, 0.01, 0.01]",0.54,Other Actors
mistral:7b,NIG34685,B,B,0.95,"[0.1, 0.85, 0.02, 0.01, 0.01, 0.01]",0.53,Other Actors
mistral:7b,NIG35811,B,B,0.95,"[0.1, 0.85, 0.02, 0.01, 0.01, 0.01]",0.54,Other Actors
mistral:7b,NIG16458,E,B,0.95,"[0.1, 0.85, 0.02, 0.0, 0.02, 0.01]",0.52,Other Actors
mistral:7b,NIG35804,B,B,0.95,"[0.1, 0.85, 0.02, 0.01, 0.01, 0.01]",0.53,Other Actors
mistral:7b,NIG36223,V,V,0.95,"[0.1, 0.05, 0.02, 0.0, 0.0, 0.83]",0.53,Other Actors
mistral:7b,NIG36003,B,B,0.95,"[0.1, 0.2, 0.3, 0.1, 0.05, 0.2]",0.54,Other Actors
mistral:7b,NIG19992,B,R,0.85,"[0.1, 0.05, 0.1, 0.65, 0.05, 0.05]",0.53,Other Actors
mistral:7b,NIG19204,B,V,0.95,"[0.1, 0.05, 0.02, 0.01, 0.01, 0.81]",0.52,Other Actors
mistral:7b,NIG19595,B,B,0.95,"[0.1, 0.85, 0.02, 0.01, 0.01, 0.01]",0.53,Other Actors
mistral:7b,NIG38436,B,B,0.95,"[0.1, 0.85, 0.02, 0.01, 0.01, 0.01]",0.53,Other Actors
mistral:7b,NIG30319,B,B,0.95,"[0.05, 0.85, 0.02, 0.01, 0.03, 0.04]",0.53,Other Actors
mistral:7b,NIG35687,B,B,0.95,"[0.05, 0.2, 0.15, 0.03, 0.02, 0.55]",0.54,Other Actors
mistral:7b,NIG27703,B,B,0.95,"[0.05, 0.2, 0.1, 0.03, 0.02, 0.6]",0.53,Other Actors
mistral:7b,NIG37947,V,V,0.95,"[0.1, 0.05, 0.02, 0.01, 0.005, 0.81]",0.54,Other Actors
mistral:7b,NIG28692,B,B,0.95,"[0.1, 0.85, 0.02, 0.01, 0.01, 0.01]",0.53,Other Actors
mistral:7b,NIG29317,S,B,0.95,"[0.1, 0.85, 0.02, 0.02, 0.0, 0.01]",0.53,Other Actors
mistral:7b,NIG25126,B,B,0.95,"[0.1, 0.85, 0.02, 0.0, 0.02, 0.01]",0.53,Other Actors
mistral:7b,NIG34235,B,B,0.95,"[0.1, 0.85, 0.02, 0.01, 0.01, 0.01]",0.53,Other Actors
mistral:7b,NIG22361,V,V,0.95,"[0.1, 0.02, 0.01, 0.0, 0.0, 0.87]",0.53,Other Actors
mistral:7b,NIG26111,B,B,0.95,"[0.1, 0.85, 0.02, 0.01, 0.01, 0.01]",0.53,Other Actors
mistral:7b,NIG28714,B,B,0.95,"[0.05, 0.85, 0.02, 0.01, 0.03, 0.04]",0.55,Other Actors
mistral:7b,NIG19318,B,B,0.95,"[0.1, 0.85, 0.02, 0.01, 0.01, 0.01]",0.53,Other Actors
mistral:7b,NIG24688,B,B,0.95,"[0.1, 0.85, 0.02, 0.01, 0.01, 0.01]",0.53,Other Actors
mistral:7b,NIG34234,B,B,0.95,"[0.1, 0.85, 0.02, 0.01, 0.01, 0.01]",0.53,Other Actors
mistral:7b,NIG21602,B,V,0.95,"[0.1, 0.05, 0.02, 0.0, 0.0, 0.83]",0.54,Other Actors
mistral:7b,NIG21210,B,B,0.95,"[0.05, 0.85, 0.02, 0.01, 0.03, 0.04]",0.52,Other Actors
mistral:7b,NIG32901,B,B,0.95,"[0.1, 0.85, 0.02, 0.01, 0.01, 0.01]",0.55,Other Actors
mistral:7b,NIG38626,B,B,0.95,"[0.1, 0.85, 0.02, 0.01, 0.01, 0.01]",0.54,Other Actors
mistral:7b,NIG31996,B,B,0.95,"[0.1, 0.75, 0.05, 0.02, 0.02, 0.06]",0.54,Other Actors
mistral:7b,NIG18246,B,B,0.95,"[0.05, 0.85, 0.01, 0.02, 0.01, 0.06]",0.52,Other Actors
mistral:7b,NIG36763,B,B,0.95,"[0.1, 0.85, 0.02, 0.01, 0.01, 0.01]",0.53,Other Actors
mistral:7b,NIG29018,B,B,0.85,"[0.1, 0.2, 0.15, 0.05, 0.05, 0.4]",0.53,Other Actors
mistral:7b,NIG35231,E,B,0.85,"[0.1, 0.2, 0.3, 0.05, 0.05, 0.25]",0.54,Other Actors
mistral:7b,NIG22210,B,R,0.85,"[0.1, 0.05, 0.03, 0.75, 0.02, 0.05]",0.53,Other Actors
mistral:7b,NIG20125,B,B,0.95,"[0.1, 0.85, 0.02, 0.01, 0.01, 0.01]",0.53,Other Actors
mistral:7b,NIG36225,V,V,0.95,"[0.1, 0.05, 0.02, 0.0, 0.0, 0.83]",0.53,Other Actors
mistral:7b,NIG16109,B,B,0.95,"[0.1, 0.85, 0.02, 0.01, 0.01, 0.01]",0.52,Other Actors
mistral:7b,NIG35789,E,B,0.95,"[0.1, 0.8, 0.02, 0.03, 0.02, 0.07]",0.54,Other Actors
mistral:7b,NIG23388,B,B,0.95,"[0.1, 0.2, 0.3, 0.1, 0.05, 0.2]",0.55,Other Actors
mistral:7b,NIG24243,B,B,0.95,"[0.05, 0.85, 0.01, 0.02, 0.03, 0.04]",0.53,Other Actors
mistral:7b,NIG21090,B,B,0.95,"[0.1, 0.8, 0.02, 0.03, 0.02, 0.07]",0.53,Other Actors
mistral:7b,NIG18857,E,B,0.85,"[0.1, 0.2, 0.3, 0.1, 0.05, 0.2]",0.53,Other Actors
mistral:7b,NIG31679,B,B,0.95,"[0.1, 0.2, 0.3, 0.15, 0.05, 0.15]",0.54,Other Actors
mistral:7b,NIG16590,B,B,0.95,"[0.1, 0.25, 0.15, 0.1, 0.1, 0.2]",0.52,Other Actors
mistral:7b,NIG35843,V,V,0.95,"[0.1, 0.02, 0.01, 0.005, 0.002, 0.863]",0.55,Other Actors
mistral:7b,NIG30609,V,V,0.95,"[0.1, 0.02, 0.01, 0.005, 0.002, 0.863]",0.56,Other Actors
mistral:7b,NIG34780,B,B,0.95,"[0.1, 0.85, 0.02, 0.01, 0.01, 0.01]",0.53,Other Actors
mistral:7b,NIG33841,B,B,0.95,"[0.1, 0.85, 0.02, 0.01, 0.01, 0.01]",0.53,Other Actors
mistral:7b,NIG16405,E,B,0.95,"[0.1, 0.85, 0.02, 0.0, 0.02, 0.01]",0.53,Other Actors
mistral:7b,NIG16609,B,B,0.95,"[0.1, 0.85, 0.02, 0.01, 0.01, 0.01]",0.53,Other Actors
mistral:7b,NIG18964,B,B,0.95,"[0.1, 0.85, 0.02, 0.01, 0.01, 0.01]",0.52,Other Actors
mistral:7b,NIG31551,S,V,0.95,"[0.1, 0.05, 0.02, 0.0, 0.0, 0.83]",0.53,Other Actors
mistral:7b,NIG27567,B,B,0.85,"[0.1, 0.2, 0.15, 0.05, 0.02, 0.43]",0.53,Other Actors
mistral:7b,NIG20825,B,B,0.95,"[0.05, 0.2, 0.1, 0.05, 0.05, 0.55]",0.53,Other Actors
mistral:7b,NIG35423,S,B,0.95,"[0.1, 0.25, 0.1, 0.05, 0.05, 0.45]",0.53,Other Actors
mistral:7b,NIG26361,E,B,0.95,"[0.1, 0.2, 0.3, 0.1, 0.1, 0.25]",0.52,Other Actors
mistral:7b,NIG28693,B,B,0.95,"[0.1, 0.85, 0.02, 0.01, 0.01, 0.01]",0.52,Other Actors
mistral:7b,NIG20977,B,V,0.95,"[0.1, 0.05, 0.02, 0.01, 0.005, 0.76]",0.54,Other Actors
mistral:7b,NIG18880,E,B,0.95,"[0.1, 0.85, 0.02, 0.0, 0.02, 0.01]",0.54,Other Actors
mistral:7b,NIG29271,B,B,0.95,"[0.05, 0.2, 0.1, 0.05, 0.05, 0.55]",0.54,Other Actors
mistral:7b,NIG24670,B,B,0.95,"[0.1, 0.85, 0.02, 0.01, 0.01, 0.01]",0.54,Other Actors
mistral:7b,NIG36870,B,B,0.85,"[0.1, 0.2, 0.15, 0.05, 0.02, 0.43]",0.53,Other Actors
mistral:7b,NIG30815,B,B,0.95,"[0.1, 0.85, 0.02, 0.01, 0.01, 0.01]",0.54,Other Actors
mistral:7b,NIG31755,B,B,0.95,"[0.1, 0.75, 0.05, 0.02, 0.02, 0.06]",0.54,Other Actors
mistral:7b,NIG25889,E,B,0.95,"[0.1, 0.2, 0.3, 0.05, 0.05, 0.25]",0.53,Other Actors
mistral:7b,NIG26191,S,V,0.95,"[0.1, 0.05, 0.0, 0.0, 0.0, 0.85]",0.53,Other Actors
mistral:7b,NIG36431,B,B,0.95,"[0.1, 0.85, 0.02, 0.01, 0.01, 0.01]",0.55,Other Actors
mistral:7b,NIG28625,B,B,0.95,"[0.1, 0.85, 0.02, 0.01, 0.01, 0.01]",0.53,Other Actors
mistral:7b,NIG19413,B,B,0.95,"[0.1, 0.85, 0.02, 0.0, 0.0, 0.03]",0.53,Other Actors
mistral:7b,NIG33933,B,B,0.95,"[0.1, 0.85, 0.02, 0.01, 0.01, 0.01]",0.54,Other Actors
mistral:7b,NIG36880,B,B,0.95,"[0.1, 0.8, 0.02, 0.03, 0.04, 0.01]",0.53,Other Actors
mistral:7b,NIG29665,E,B,0.95,"[0.1, 0.85, 0.02, 0.0, 0.02, 0.01]",0.53,Other Actors
mistral:7b,NIG33618,S,S,0.95,"[0.05, 0.02, 0.01, 0.0, 0.0, 0.92]",0.54,Other Actors
mistral:7b,NIG21800,B,B,0.95,"[0.1, 0.85, 0.02, 0.01, 0.01, 0.01]",0.53,Other Actors
mistral:7b,NIG33130,B,B,0.95,"[0.1, 0.85, 0.02, 0.01, 0.01, 0.01]",0.54,Other Actors
mistral:7b,NIG19735,B,B,0.95,"[0.1, 0.85, 0.02, 0.01, 0.01, 0.01]",0.53,Other Actors
mistral:7b,NIG29512,B,B,0.95,"[0.1, 0.85, 0.02, 0.01, 0.01, 0.01]",0.53,Other Actors
mistral:7b,NIG30663,S,V,0.95,"[0.1, 0.05, 0.02, 0.01, 0.01, 0.81]",0.53,Other Actors
mistral:7b,NIG28814,E,B,0.95,"[0.1, 0.85, 0.02, 0.01, 0.01, 0.01]",0.53,Other Actors
mistral:7b,NIG35485,B,B,0.95,"[0.1, 0.25, 0.3, 0.05, 0.05, 0.2]",0.53,Other Actors
mistral:7b,NIG22555,V,V,0.95,"[0.1, 0.02, 0.01, 0.0, 0.0, 0.87]",0.54,Other Actors
mistral:7b,NIG34640,E,B,0.95,"[0.1, 0.75, 0.05, 0.02, 0.02, 0.06]",0.55,Other Actors
mistral:7b,NIG37245,E,B,0.95,"[0.1, 0.2, 0.3, 0.15, 0.05, 0.2]",0.53,Other Actors
mistral:7b,NIG29899,V,V,0.95,"[0.1, 0.05, 0.02, 0.01, 0.01, 0.81]",0.53,Other Actors
mistral:7b,NIG17600,B,B,0.95,"[0.1, 0.85, 0.02, 0.01, 0.01, 0.01]",0.52,Other Actors
mistral:7b,NIG19332,B,B,0.85,"[0.1, 0.15, 0.2, 0.25, 0.1, 0.15]",0.53,Other Actors
mistral:7b,NIG22760,B,B,0.95,"[0.1, 0.25, 0.15, 0.05, 0.05, 0.4]",0.54,Other Actors
mistral:7b,NIG33820,E,S,0.95,"[0.1, 0.05, 0.2, 0.0, 0.0, 0.6]",0.51,Other Actors
mistral:7b,NIG19109,B,B,0.95,"[0.1, 0.85, 0.02, 0.01, 0.01, 0.01]",0.53,Other Actors
mistral:7b,NIG16995,B,B,0.95,"[0.1, 0.2, 0.3, 0.15, 0.05, 0.2]",0.53,Other Actors
mistral:7b,NIG19712,B,B,0.95,"[0.1, 0.85, 0.02, 0.01, 0.01, 0.01]",0.55,Other Actors
mistral:7b,NIG23969,B,B,0.95,"[0.1, 0.85, 0.02, 0.01, 0.01, 0.01]",0.54,Other Actors
mistral:7b,NIG37774,B,B,0.95,"[0.1, 0.85, 0.02, 0.01, 0.01, 0.01]",0.55,Other Actors
mistral:7b,NIG21980,B,B,0.95,"[0.1, 0.75, 0.05, 0.02, 0.02, 0.06]",0.53,Other Actors
mistral:7b,NIG18554,E,B,0.95,"[0.1, 0.85, 0.02, 0.0, 0.02, 0.01]",0.54,Other Actors
mistral:7b,NIG20679,B,B,0.95,"[0.1, 0.25, 0.1, 0.1, 0.1, 0.25]",0.53,Other Actors
mistral:7b,NIG24604,B,B,0.95,"[0.1, 0.85, 0.02, 0.01, 0.01, 0.01]",0.55,Other Actors
mistral:7b,NIG38325,B,B,0.95,"[0.1, 0.25, 0.1, 0.1, 0.1, 0.25]",0.54,Other Actors
mistral:7b,NIG31183,B,B,0.95,"[0.1, 0.2, 0.3, 0.15, 0.05, 0.15]",0.55,Other Actors
mistral:7b,NIG20509,B,B,0.95,"[0.1, 0.2, 0.3, 0.15, 0.05, 0.25]",0.54,Other Actors
mistral:7b,NIG20646,B,R,0.95,"[0.05, 0.02, 0.1, 0.7, 0.03, 0.05]",0.52,Other Actors
mistral:7b,NIG19830,B,B,0.95,"[0.1, 0.85, 0.02, 0.0, 0.02, 0.01]",0.53,Other Actors
mistral:7b,NIG21087,B,B,0.95,"[0.1, 0.75, 0.05, 0.02, 0.02, 0.06]",0.54,Other Actors
mistral:7b,NIG22394,B,B,0.95,"[0.1, 0.85, 0.02, 0.02, 0.0, 0.01]",0.52,Other Actors
mistral:7b,NIG37521,V,V,0.95,"[0.1, 0.02, 0.01, 0.005, 0.002, 0.863]",0.55,Other Actors
mistral:7b,NIG28554,B,B,0.95,"[0.1, 0.2, 0.3, 0.15, 0.05, 0.2]",0.54,Other Actors
mistral:7b,NIG38484,B,B,0.95,"[0.1, 0.85, 0.02, 0.01, 0.01, 0.01]",0.53,Other Actors
mistral:7b,NIG30207,B,B,0.95,"[0.1, 0.25, 0.15, 0.1, 0.1, 0.2]",0.54,Other Actors
mistral:7b,NIG23733,S,V,0.95,"[0.1, 0.05, 0.02, 0.0, 0.0, 0.83]",0.53,Other Actors
mistral:7b,NIG28719,E,B,0.85,"[0.1, 0.05, 0.15, 0.02, 0.0, 0.68]",0.54,Other Actors
mistral:7b,NIG36691,B,B,0.95,"[0.1, 0.85, 0.02, 0.01, 0.01, 0.01]",0.51,Other Actors
mistral:7b,NIG31201,B,B,0.95,"[0.05, 0.85, 0.02, 0.03, 0.01, 0.04]",0.54,Other Actors
mistral:7b,NIG28339,E,B,0.95,"[0.1, 0.85, 0.02, 0.01, 0.01, 0.01]",0.53,Other Actors
mistral:7b,NIG26073,B,B,0.95,"[0.1, 0.85, 0.02, 0.01, 0.01, 0.01]",0.55,Other Actors
mistral:7b,NIG33047,E,B,0.95,"[0.05, 0.85, 0.02, 0.01, 0.03, 0.04]",0.54,Other Actors
mistral:7b,NIG28897,E,B,0.85,"[0.1, 0.15, 0.2, 0.1, 0.1, 0.25]",0.54,Other Actors
mistral:7b,NIG24695,B,B,0.95,"[0.1, 0.2, 0.3, 0.05, 0.0, 0.25]",0.54,Other Actors
mistral:7b,NIG37573,V,V,0.95,"[0.1, 0.05, 0.02, 0.01, 0.01, 0.81]",0.53,Other Actors
mistral:7b,NIG35394,B,B,0.95,"[0.1, 0.85, 0.02, 0.01, 0.01, 0.01]",0.54,Other Actors
mistral:7b,NIG31440,B,B,0.95,"[0.1, 0.85, 0.02, 0.01, 0.01, 0.01]",0.54,Other Actors
mistral:7b,NIG24527,B,B,0.95,"[0.05, 0.2, 0.1, 0.05, 0.05, 0.35, 0.05]",0.56,Other Actors
mistral:7b,NIG23055,E,B,0.95,"[0.1, 0.75, 0.05, 0.0, 0.0, 0.1]",0.52,Other Actors
mistral:7b,NIG24441,V,V,0.95,"[0.1, 0.05, 0.02, 0.01, 0.01, 0.81]",0.54,Other Actors
mistral:7b,NIG34777,E,B,0.95,"[0.1, 0.85, 0.02, 0.01, 0.01, 0.01]",0.53,Other Actors
mistral:7b,NIG20252,B,B,0.95,"[0.1, 0.75, 0.05, 0.02, 0.03, 0.05]",0.52,Other Actors
mistral:7b,NIG29233,B,B,0.95,"[0.1, 0.85, 0.02, 0.03, 0.0, 0.0]",0.54,Other Actors
mistral:7b,NIG21373,B,B,0.95,"[0.05, 0.85, 0.02, 0.01, 0.01, 0.06]",0.54,Other Actors
mistral:7b,NIG28348,B,B,0.95,"[0.05, 0.85, 0.02, 0.01, 0.03, 0.04]",0.54,Other Actors
mistral:7b,NIG34126,B,B,0.95,"[0.1, 0.2, 0.3, 0.15, 0.05, 0.2]",0.54,Other Actors
mistral:7b,NIG36308,S,B,0.95,"[0.1, 0.2, 0.3, 0.05, 0.05, 0.25]",0.53,Other Actors
mistral:7b,NIG28020,B,B,0.95,"[0.05, 0.2, 0.1, 0.03, 0.02, 0.6]",0.53,Other Actors
mistral:7b,NIG37290,B,B,0.95,"[0.1, 0.85, 0.02, 0.01, 0.01, 0.01]",0.53,Other Actors
mistral:7b,NIG35898,B,B,0.95,"[0.1, 0.85, 0.02, 0.01, 0.01, 0.01]",0.53,Other Actors
mistral:7b,NIG34458,B,B,0.95,"[0.1, 0.85, 0.02, 0.01, 0.01, 0.01]",0.53,Other Actors
mistral:7b,NIG34340,B,B,0.95,"[0.1, 0.85, 0.02, 0.01, 0.01, 0.01]",0.53,Other Actors
mistral:7b,NIG28490,B,B,0.95,"[0.1, 0.85, 0.02, 0.01, 0.01, 0.01]",0.54,Other Actors
mistral:7b,NIG21046,B,B,0.95,"[0.1, 0.85, 0.02, 0.0, 0.02, 0.01]",0.53,Other Actors
mistral:7b,NIG23971,B,B,0.95,"[0.1, 0.2, 0.3, 0.1, 0.05, 0.2]",0.54,Other Actors
mistral:7b,NIG33965,S,S,0.95,"[0.05, 0.02, 0.01, 0.0, 0.0, 0.92]",0.55,Other Actors
mistral:7b,NIG25905,B,B,0.95,"[0.1, 0.85, 0.02, 0.01, 0.01, 0.01]",0.54,Other Actors
mistral:7b,NIG37781,B,B,0.95,"[0.05, 0.2, 0.1, 0.05, 0.05, 0.55]",0.54,Other Actors
mistral:7b,NIG16119,S,B,0.95,"[0.1, 0.25, 0.1, 0.05, 0.05, 0.45]",0.54,Other Actors
mistral:7b,NIG30420,S,R,0.85,"[0.1, 0.05, 0.02, 0.7, 0.03, 0.05]",0.53,Other Actors
mistral:7b,NIG16252,S,E,0.95,"[0.05, 0.05, 0.8, 0.02, 0.02, 0.06]",0.52,Other Actors
mistral:7b,NIG20111,B,B,0.95,"[0.1, 0.25, 0.15, 0.1, 0.1, 0.2]",0.54,Other Actors
mistral:7b,NIG32331,B,B,0.95,"[0.1, 0.85, 0.02, 0.02, 0.01, 0.0]",0.54,Other Actors
mistral:7b,NIG20546,B,B,0.85,"[0.1, 0.2, 0.3, 0.15, 0.05, 0.2]",0.52,Other Actors
mistral:7b,NIG35581,B,B,0.95,"[0.1, 0.85, 0.02, 0.01, 0.01, 0.01]",0.55,Other Actors
mistral:7b,NIG28694,B,B,0.95,"[0.1, 0.85, 0.02, 0.01, 0.01, 0.01]",0.55,Other Actors
mistral:7b,NIG20018,B,B,0.95,"[0.1, 0.25, 0.3, 0.05, 0.05, 0.25]",0.56,Other Actors
mistral:7b,NIG20656,B,B,0.95,"[0.1, 0.85, 0.02, 0.01, 0.01, 0.01]",0.53,Other Actors
mistral:7b,NIG35725,B,B,0.95,"[0.1, 0.85, 0.02, 0.01, 0.01, 0.01]",0.53,Other Actors
mistral:7b,NIG17458,B,B,0.85,"[0.1, 0.15, 0.2, 0.3, 0.1, 0.15]",0.54,Other Actors
mistral:7b,NIG35583,B,B,0.95,"[0.1, 0.75, 0.05, 0.02, 0.03, 0.05]",0.55,Other Actors
mistral:7b,NIG16112,B,B,0.95,"[0.1, 0.85, 0.02, 0.01, 0.01, 0.01]",0.54,Other Actors
mistral:7b,NIG26115,B,B,0.95,"[0.1, 0.8, 0.02, 0.03, 0.02, 0.07]",0.54,Other Actors
mistral:7b,NIG24007,V,V,0.95,"[0.1, 0.05, 0.02, 0.01, 0.005, 0.81]",0.54,Other Actors
mistral:7b,NIG19490,B,B,0.95,"[0.1, 0.85, 0.02, 0.0, 0.02, 0.01]",0.54,Other Actors
mistral:7b,NIG19912,E,V,0.95,"[0.1, 0.05, 0.2, 0.03, 0.02, 0.6]",0.54,Other Actors
mistral:7b,NIG23360,B,B,0.85,"[0.1, 0.05, 0.02, 0.01, 0.01, 0.76]",0.53,Other Actors
mistral:7b,NIG23974,B,B,0.95,"[0.1, 0.2, 0.3, 0.1, 0.05, 0.2]",0.54,Other Actors
mistral:7b,NIG28697,B,B,0.95,"[0.1, 0.85, 0.02, 0.01, 0.01, 0.01]",0.54,Other Actors
mistral:7b,NIG28820,B,V,0.95,"[0.1, 0.05, 0.02, 0.01, 0.005, 0.76]",0.54,Other Actors
mistral:7b,NIG35483,B,B,0.95,"[0.05, 0.85, 0.02, 0.01, 0.03, 0.04]",0.54,Other Actors
mistral:7b,NIG29001,V,V,0.95,"[0.1, 0.05, 0.02, 0.01, 0.01, 0.81]",0.53,Other Actors
mistral:7b,NIG38511,V,V,0.95,"[0.1, 0.05, 0.02, 0.01, 0.005, 0.86]",0.54,Other Actors
mistral:7b,NIG23464,E,B,0.95,"[0.1, 0.25, 0.3, 0.05, 0.05, 0.25]",0.54,Other Actors
mistral:7b,NIG35200,B,B,0.85,"[0.1, 0.2, 0.3, 0.15, 0.05, 0.2]",0.53,Other Actors
mistral:7b,NIG17706,B,B,0.95,"[0.1, 0.85, 0.02, 0.01, 0.01, 0.01]",0.52,Other Actors
mistral:7b,NIG25448,V,V,0.95,"[0.1, 0.02, 0.01, 0.0, 0.0, 0.87]",0.53,Other Actors
mistral:7b,NIG28439,E,B,0.95,"[0.1, 0.85, 0.02, 0.01, 0.01, 0.01]",0.53,Other Actors
mistral:7b,NIG18341,S,B,0.95,"[0.1, 0.85, 0.02, 0.0, 0.0, 0.03]",0.53,Other Actors
mistral:7b,NIG29935,E,B,0.95,"[0.1, 0.85, 0.02, 0.01, 0.01, 0.01]",0.54,Other Actors
mistral:7b,NIG17550,B,B,0.95,"[0.1, 0.85, 0.02, 0.0, 0.02, 0.01]",0.54,Other Actors
mistral:7b,NIG22461,S,E,0.95,"[0.05, 0.02, 0.85, 0.01, 0.01, 0.06]",0.53,Other Actors
mistral:7b,NIG17534,E,B,0.95,"[0.1, 0.85, 0.02, 0.0, 0.02, 0.01]",0.53,Other Actors
mistral:7b,NIG22030,B,B,0.95,"[0.05, 0.85, 0.01, 0.02, 0.01, 0.06]",0.53,Other Actors
mistral:7b,NIG19193,B,B,0.95,"[0.1, 0.2, 0.3, 0.1, 0.05, 0.2]",0.54,Other Actors
mistral:7b,NIG17940,B,B,0.95,"[0.05, 0.85, 0.01, 0.02, 0.01, 0.06]",0.53,Other Actors
mistral:7b,NIG29738,B,B,0.95,"[0.1, 0.75, 0.05, 0.02, 0.02, 0.06]",0.54,Other Actors
mistral:7b,NIG18488,B,B,0.95,"[0.1, 0.25, 0.1, 0.1, 0.1, 0.25]",0.52,Other Actors
mistral:7b,NIG20046,E,B,0.85,"[0.1, 0.2, 0.3, 0.1, 0.05, 0.2]",0.54,Other Actors
mistral:7b,NIG21425,B,B,0.95,"[0.1, 0.25, 0.15, 0.05, 0.0, 0.45]",0.55,Other Actors
mistral:7b,NIG34729,B,B,0.95,"[0.1, 0.85, 0.02, 0.02, 0.0, 0.01]",0.54,Other Actors
mistral:7b,NIG21759,S,S,0.95,"[0.05, 0.05, 0.1, 0.0, 0.0, 0.8]",0.53,Other Actors
mistral:7b,NIG34652,B,B,0.95,"[0.1, 0.85, 0.02, 0.01, 0.01, 0.01]",0.53,Other Actors
mistral:7b,NIG18903,B,B,0.95,"[0.1, 0.85, 0.02, 0.0, 0.02, 0.01]",0.54,Other Actors
mistral:7b,NIG29459,E,B,0.95,"[0.1, 0.85, 0.02, 0.01, 0.01, 0.01]",0.54,Other Actors
mistral:7b,NIG18258,V,V,0.95,"[0.1, 0.05, 0.02, 0.01, 0.01, 0.81]",0.54,Other Actors
mistral:7b,NIG37765,B,B,0.95,"[0.1, 0.85, 0.02, 0.01, 0.01, 0.01]",0.52,Other Actors
mistral:7b,NIG24537,B,B,0.95,"[0.05, 0.85, 0.02, 0.01, 0.03, 0.04]",0.55,Other Actors
mistral:7b,NIG21794,B,B,0.95,"[0.05, 0.85, 0.02, 0.01, 0.03, 0.04]",0.54,Other Actors
mistral:7b,NIG17629,V,V,0.95,"[0.1, 0.05, 0.02, 0.01, 0.01, 0.81]",0.53,Other Actors
mistral:7b,NIG17547,B,B,0.95,"[0.1, 0.85, 0.02, 0.01, 0.01, 0.01]",0.54,Other Actors
mistral:7b,NIG25884,E,B,0.95,"[0.1, 0.85, 0.02, 0.0, 0.02, 0.01]",0.53,Other Actors
mistral:7b,NIG34842,B,B,0.85,"[0.1, 0.2, 0.15, 0.05, 0.05, 0.4]",0.53,Other Actors
mistral:7b,NIG20824,B,B,0.95,"[0.05, 0.2, 0.1, 0.05, 0.05, 0.55]",0.54,Other Actors
mistral:7b,NIG25991,B,B,0.95,"[0.1, 0.75, 0.05, 0.02, 0.02, 0.06]",0.54,Other Actors
mistral:7b,NIG29172,B,B,0.95,"[0.1, 0.85, 0.02, 0.0, 0.02, 0.01]",0.53,Other Actors
mistral:7b,NIG19276,B,V,0.95,"[0.1, 0.05, 0.02, 0.01, 0.01, 0.81]",0.53,Other Actors
mistral:7b,NIG18632,V,V,0.95,"[0.1, 0.02, 0.01, 0.0, 0.0, 0.87]",0.53,Other Actors
mistral:7b,NIG36764,B,B,0.95,"[0.1, 0.85, 0.02, 0.01, 0.01, 0.01]",0.54,Other Actors
mistral:7b,NIG29598,B,B,0.95,"[0.1, 0.8, 0.02, 0.03, 0.02, 0.07]",0.54,Other Actors
mistral:7b,NIG33998,B,B,0.95,"[0.1, 0.85, 0.02, 0.01, 0.01, 0.01]",0.53,Other Actors
mistral:7b,NIG35720,E,B,0.85,"[0.1, 0.15, 0.2, 0.1, 0.1, 0.35]",0.53,Other Actors
mistral:7b,NIG29250,B,B,0.95,"[0.05, 0.85, 0.02, 0.01, 0.03, 0.04]",0.52,Other Actors
mistral:7b,NIG36869,B,B,0.95,"[0.1, 0.75, 0.05, 0.02, 0.02, 0.06]",0.54,Other Actors
mistral:7b,NIG19971,B,B,0.95,"[0.1, 0.85, 0.02, 0.0, 0.02, 0.01]",0.55,Other Actors
mistral:7b,NIG19588,B,B,0.95,"[0.1, 0.85, 0.02, 0.01, 0.01, 0.01]",0.54,Other Actors
mistral:7b,NIG32711,B,B,0.95,"[0.1, 0.85, 0.02, 0.01, 0.01, 0.01]",0.56,Other Actors
mistral:7b,NIG34770,B,B,0.95,"[0.1, 0.85, 0.02, 0.01, 0.01, 0.01]",0.53,Other Actors
mistral:7b,NIG35037,S,B,0.95,"[0.1, 0.25, 0.3, 0.05, 0.05, 0.2]",0.55,Other Actors
mistral:7b,NIG26121,B,B,0.95,"[0.1, 0.2, 0.3, 0.15, 0.05, 0.15]",0.55,Other Actors
mistral:7b,NIG35108,V,V,0.95,"[0.1, 0.05, 0.02, 0.01, 0.01, 0.81]",0.53,Other Actors
mistral:7b,NIG37655,B,B,0.95,"[0.1, 0.85, 0.02, 0.01, 0.01, 0.01]",0.53,Other Actors
mistral:7b,NIG38968,B,B,0.85,"[0.1, 0.2, 0.15, 0.3, 0.1, 0.2]",0.53,Other Actors
mistral:7b,NIG20554,B,B,0.95,"[0.1, 0.85, 0.02, 0.0, 0.02, 0.01]",0.52,Other Actors
mistral:7b,NIG18914,B,B,0.95,"[0.1, 0.85, 0.02, 0.0, 0.0, 0.03]",0.53,Other Actors
mistral:7b,NIG29194,E,B,0.95,"[0.1, 0.25, 0.3, 0.05, 0.05, 0.25]",0.54,Other Actors
mistral:7b,NIG20742,B,V,0.95,"[0.1, 0.05, 0.02, 0.0, 0.0, 0.83]",0.53,Other Actors
mistral:7b,NIG29014,V,V,0.95,"[0.1, 0.05, 0.02, 0.01, 0.01, 0.81]",0.52,Other Actors
mistral:7b,NIG22112,V,V,0.95,"[0.1, 0.05, 0.0, 0.0, 0.0, 0.85]",0.53,Other Actors
mistral:7b,NIG30709,B,B,0.95,"[0.1, 0.85, 0.02, 0.01, 0.01, 0.01]",0.54,Other Actors
mistral:7b,NIG38271,B,V,0.95,"[0.1, 0.05, 0.02, 0.0, 0.0, 0.83]",0.53,Other Actors
mistral:7b,NIG34121,B,B,0.95,"[0.1, 0.85, 0.02, 0.01, 0.01, 0.01]",0.55,Other Actors
mistral:7b,NIG19040,B,B,0.95,"[0.1, 0.85, 0.02, 0.0, 0.02, 0.01]",0.53,Other Actors
mistral:7b,NIG19936,B,B,0.95,"[0.05, 0.85, 0.02, 0.03, 0.01, 0.04]",0.52,Other Actors
mistral:7b,NIG32936,S,S,0.95,"[0.1, 0.05, 0.02, 0.0, 0.0, 0.83]",0.53,Other Actors
mistral:7b,NIG36471,V,V,0.95,"[0.1, 0.02, 0.01, 0.0, 0.0, 0.87]",0.54,Other Actors
mistral:7b,NIG16877,E,B,0.95,"[0.1, 0.85, 0.02, 0.01, 0.01, 0.01]",0.53,Other Actors
mistral:7b,NIG37561,B,B,0.85,"[0.1, 0.2, 0.15, 0.05, 0.05, 0.4]",0.53,Other Actors
mistral:7b,NIG22862,B,B,0.85,"[0.1, 0.15, 0.2, 0.3, 0.1, 0.15]",0.53,Other Actors
mistral:7b,NIG26363,E,B,0.85,"[0.1, 0.2, 0.3, 0.05, 0.05, 0.25]",0.54,Other Actors
mistral:7b,NIG21973,B,B,0.95,"[0.1, 0.85, 0.02, 0.01, 0.01, 0.01]",0.53,Other Actors
mistral:7b,NIG31676,B,B,0.95,"[0.1, 0.85, 0.02, 0.01, 0.01, 0.01]",0.52,Other Actors
mistral:7b,NIG35710,S,E,0.95,"[0.1, 0.2, 0.3, 0.05, 0.0, 0.35]",0.52,Other Actors
mistral:7b,NIG19603,B,B,0.95,"[0.1, 0.75, 0.05, 0.02, 0.02, 0.06]",0.53,Other Actors
mistral:7b,NIG25124,B,B,0.85,"[0.1, 0.2, 0.15, 0.05, 0.05, 0.4]",0.52,Other Actors
mistral:7b,NIG32100,E,B,0.95,"[0.1, 0.75, 0.05, 0.02, 0.02, 0.06]",0.54,Other Actors
mistral:7b,NIG19008,B,B,0.95,"[0.1, 0.85, 0.02, 0.01, 0.01, 0.01]",0.52,Other Actors
mistral:7b,NIG37771,B,B,0.95,"[0.1, 0.25, 0.1, 0.1, 0.1, 0.25]",0.55,Other Actors
mistral:7b,NIG31322,S,S,0.95,"[0.05, 0.02, 0.1, 0.0, 0.0, 0.83]",0.53,Other Actors
mistral:7b,NIG23966,B,B,0.95,"[0.1, 0.25, 0.3, 0.05, 0.05, 0.25]",0.53,Other Actors
mistral:7b,NIG38762,B,B,0.85,"[0.1, 0.2, 0.3, 0.15, 0.05, 0.25]",0.52,Other Actors
mistral:7b,NIG23985,B,B,0.95,"[0.1, 0.75, 0.05, 0.02, 0.02, 0.06]",0.53,Other Actors
mistral:7b,NIG22110,B,B,0.95,"[0.05, 0.85, 0.02, 0.03, 0.01, 0.04]",0.53,Other Actors
mistral:7b,NIG24066,B,B,0.85,"[0.1, 0.2, 0.3, 0.15, 0.05, 0.25]",0.54,Other Actors
mistral:7b,NIG23685,B,B,0.95,"[0.1, 0.75, 0.05, 0.02, 0.02, 0.06]",0.54,Other Actors
mistral:7b,NIG26316,V,V,0.95,"[0.1, 0.05, 0.02, 0.01, 0.01, 0.81]",0.54,Other Actors
mistral:7b,NIG29007,E,B,0.95,"[0.1, 0.85, 0.02, 0.0, 0.02, 0.01]",0.53,Other Actors
mistral:7b,NIG37104,V,V,0.95,"[0.1, 0.02, 0.01, 0.0, 0.0, 0.87]",0.54,Other Actors
mistral:7b,NIG32709,B,B,0.95,"[0.1, 0.85, 0.02, 0.01, 0.01, 0.01]",0.55,Other Actors
mistral:7b,NIG32995,B,B,0.95,"[0.1, 0.75, 0.05, 0.02, 0.03, 0.05]",0.53,Other Actors
mistral:7b,NIG19335,B,B,0.95,"[0.1, 0.85, 0.02, 0.0, 0.02, 0.01]",0.53,Other Actors
mistral:7b,NIG16295,B,B,0.95,"[0.1, 0.85, 0.02, 0.01, 0.01, 0.01]",0.53,Other Actors
mistral:7b,NIG25984,B,B,0.95,"[0.1, 0.2, 0.3, 0.1, 0.05, 0.2]",0.55,Other Actors
mistral:7b,NIG21374,B,B,0.95,"[0.1, 0.85, 0.02, 0.01, 0.01, 0.01]",0.53,Other Actors
mistral:7b,NIG35979,V,V,0.95,"[0.1, 0.05, 0.02, 0.01, 0.005, 0.86]",0.56,Other Actors
mistral:7b,NIG17185,E,B,0.95,"[0.1, 0.85, 0.02, 0.0, 0.0, 0.03]",0.53,Other Actors
mistral:7b,NIG16540,E,B,0.95,"[0.1, 0.85, 0.02, 0.0, 0.02, 0.01]",0.54,Other Actors
mistral:7b,NIG22284,V,P,0.95,"[0.1, 0.05, 0.02, 0.8, 0.02, 0.01]",0.52,Other Actors
mistral:7b,NIG21236,B,B,0.95,"[0.05, 0.2, 0.1, 0.05, 0.05, 0.6]",0.53,Other Actors
mistral:7b,NIG31180,B,B,0.95,"[0.1, 0.25, 0.15, 0.1, 0.1, 0.2]",0.52,Other Actors
mistral:7b,NIG34247,B,B,0.95,"[0.1, 0.85, 0.02, 0.01, 0.01, 0.01]",0.57,Other Actors
mistral:7b,NIG23605,B,B,0.95,"[0.1, 0.85, 0.02, 0.01, 0.01, 0.01]",0.54,Other Actors
mistral:7b,NIG17463,E,B,0.95,"[0.1, 0.75, 0.05, 0.0, 0.0, 0.1]",0.51,Other Actors
mistral:7b,NIG36879,B,B,0.95,"[0.1, 0.85, 0.02, 0.01, 0.01, 0.01]",0.55,Other Actors
mistral:7b,NIG20005,B,B,0.95,"[0.1, 0.85, 0.02, 0.0, 0.02, 0.01]",0.53,Other Actors
mistral:7b,NIG37088,B,B,0.95,"[0.1, 0.85, 0.02, 0.01, 0.01, 0.01]",0.52,Other Actors
mistral:7b,NIG26709,B,B,0.85,"[0.1, 0.2, 0.3, 0.15, 0.05, 0.2]",0.53,Other Actors
mistral:7b,NIG36519,E,B,0.95,"[0.1, 0.75, 0.05, 0.02, 0.02, 0.06]",0.55,Other Actors
mistral:7b,NIG34249,S,P,0.75,"[0.1, 0.05, 0.02, 0.75, 0.02, 0.06]",0.55,Other Actors
mistral:7b,NIG23613,B,B,0.95,"[0.1, 0.2, 0.3, 0.15, 0.05, 0.2]",0.54,Other Actors
mistral:7b,NIG24516,B,B,0.95,"[0.1, 0.2, 0.3, 0.05, 0.0, 0.35]",0.55,Other Actors
mistral:7b,NIG31192,B,B,0.95,"[0.1, 0.25, 0.15, 0.1, 0.1, 0.2]",0.53,Other Actors
mistral:7b,NIG34117,B,B,0.85,"[0.1, 0.2, 0.3, 0.05, 0.05, 0.25]",0.51,Other Actors
mistral:7b,NIG35805,B,B,0.95,"[0.1, 0.85, 0.02, 0.01, 0.01, 0.01]",0.54,Other Actors
mistral:7b,NIG29254,B,B,0.95,"[0.1, 0.25, 0.15, 0.05, 0.0, 0.45]",0.54,Other Actors
mistral:7b,NIG20446,E,B,0.95,"[0.1, 0.2, 0.3, 0.1, 0.05, 0.2]",0.54,Other Actors
mistral:7b,NIG18989,E,B,0.95,"[0.1, 0.85, 0.02, 0.01, 0.01, 0.01]",0.53,Other Actors
mistral:7b,NIG19392,E,B,0.85,"[0.1, 0.2, 0.3, 0.1, 0.05, 0.2]",0.53,Other Actors
mistral:7b,NIG29483,E,V,0.95,"[0.1, 0.05, 0.02, 0.01, 0.005, 0.81]",0.53,Other Actors
mistral:7b,NIG31403,S,B,0.95,"[0.05, 0.85, 0.02, 0.01, 0.01, 0.07]",0.53,Other Actors
mistral:7b,NIG32073,B,B,0.95,"[0.1, 0.75, 0.05, 0.02, 0.02, 0.06]",0.53,Other Actors
mistral:7b,NIG21129,S,B,0.95,"[0.1, 0.75, 0.05, 0.02, 0.03, 0.05]",0.53,Other Actors
mistral:7b,NIG32808,B,B,0.95,"[0.05, 0.85, 0.02, 0.01, 0.03, 0.04]",0.53,Other Actors
mistral:7b,NIG30529,V,V,0.95,"[0.1, 0.05, 0.02, 0.01, 0.01, 0.81]",0.54,Other Actors
mistral:7b,NIG27032,B,B,0.95,"[0.1, 0.85, 0.02, 0.02, 0.01, 0.0]",0.53,Other Actors
mistral:7b,NIG37868,V,R,0.95,"[0.1, 0.05, 0.02, 0.8, 0.02, 0.01]",0.54,Other Actors
mistral:7b,NIG35439,B,B,0.95,"[0.1, 0.85, 0.02, 0.01, 0.01, 0.01]",0.53,Other Actors
mistral:7b,NIG37066,B,B,0.95,"[0.1, 0.85, 0.02, 0.01, 0.01, 0.01]",0.53,Other Actors
mistral:7b,NIG36757,B,B,0.95,"[0.1, 0.75, 0.05, 0.02, 0.02, 0.06]",0.53,Other Actors
mistral:7b,NIG33950,B,B,0.85,"[0.1, 0.2, 0.15, 0.1, 0.1, 0.2]",0.53,Other Actors
mistral:7b,NIG39007,S,S,0.95,"[0.1, 0.05, 0.02, 0.0, 0.0, 0.83]",0.53,Other Actors
mistral:7b,NIG35532,S,B,0.95,"[0.05, 0.2, 0.1, 0.05, 0.05, 0.55]",0.53,Other Actors
mistral:7b,NIG24854,B,B,0.85,"[0.1, 0.05, 0.1, 0.05, 0.2, 0.45]",0.54,Other Actors
mistral:7b,NIG32006,S,S,0.95,"[0.1, 0.05, 0.2, 0.03, 0.02, 0.6]",0.53,Other Actors
mistral:7b,NIG38961,B,B,0.95,"[0.1, 0.85, 0.02, 0.01, 0.01, 0.01]",0.53,Other Actors
mistral:7b,NIG39041,B,B,0.95,"[0.1, 0.2, 0.3, 0.15, 0.05, 0.25]",0.53,Other Actors
mistral:7b,NIG17437,E,B,0.95,"[0.1, 0.85, 0.02, 0.0, 0.02, 0.01]",0.53,Other Actors
mistral:7b,NIG16368,V,V,0.95,"[0.1, 0.05, 0.02, 0.0, 0.0, 0.83]",0.54,Other Actors
mistral:7b,NIG34713,B,B,0.95,"[0.05, 0.85, 0.02, 0.03, 0.01, 0.04]",0.53,Other Actors
mistral:7b,NIG31483,B,B,0.95,"[0.1, 0.2, 0.3, 0.15, 0.05, 0.05, 0.1]",0.58,Other Actors
mistral:7b,NIG36711,S,V,0.95,"[0.1, 0.05, 0.02, 0.0, 0.0, 0.83]",0.53,Other Actors
mistral:7b,NIG38368,B,B,0.95,"[0.1, 0.85, 0.02, 0.01, 0.01, 0.01]",0.53,Other Actors
mistral:7b,NIG34862,S,S,0.95,"[0.1, 0.05, 0.02, 0.0, 0.0, 0.83]",0.54,Other Actors
mistral:7b,NIG20097,B,B,0.95,"[0.1, 0.85, 0.02, 0.01, 0.01, 0.01]",0.53,Other Actors
mistral:7b,NIG19982,B,B,0.95,"[0.1, 0.85, 0.02, 0.0, 0.02, 0.01]",0.54,Other Actors
mistral:7b,NIG25667,B,B,0.95,"[0.1, 0.85, 0.02, 0.01, 0.01, 0.01]",0.54,Other Actors
mistral:7b,NIG39358,S,B,0.85,"[0.1, 0.15, 0.2, 0.1, 0.1, 0.35]",0.53,Other Actors
mistral:7b,NIG20819,B,B,0.95,"[0.1, 0.25, 0.15, 0.2, 0.05, 0.25]",0.54,Other Actors
mistral:7b,NIG26331,B,B,0.95,"[0.05, 0.85, 0.02, 0.01, 0.01, 0.06]",0.54,Other Actors
mistral:7b,NIG35533,S,B,0.95,"[0.05, 0.2, 0.1, 0.05, 0.05, 0.55]",0.53,Other Actors
mistral:7b,NIG38966,V,V,0.95,"[0.1, 0.02, 0.01, 0.005, 0.002, 0.863]",0.55,Other Actors
mistral:7b,NIG16039,E,B,0.95,"[0.1, 0.85, 0.02, 0.0, 0.02, 0.01]",0.52,Other Actors
mistral:7b,NIG16392,V,V,0.95,"[0.1, 0.05, 0.02, 0.0, 0.0, 0.83]",0.51,Other Actors
mistral:7b,NIG20123,B,B,0.95,"[0.1, 0.85, 0.02, 0.01, 0.01, 0.01]",0.53,Other Actors
mistral:7b,NIG35975,V,R,0.95,"[0.05, 0.02, 0.01, 0.03, 0.04, 0.85]",0.52,Other Actors
mistral:7b,NIG18031,V,V,0.95,"[0.1, 0.02, 0.01, 0.0, 0.0, 0.87]",0.53,Other Actors
mistral:7b,NIG36419,B,B,0.95,"[0.1, 0.85, 0.02, 0.01, 0.01, 0.01]",0.53,Other Actors
mistral:7b,NIG30438,S,V,0.95,"[0.1, 0.05, 0.02, 0.01, 0.01, 0.76]",0.56,Other Actors
mistral:7b,NIG32593,V,V,0.95,"[0.1, 0.05, 0.02, 0.01, 0.01, 0.76]",0.56,Other Actors
mistral:7b,NIG25581,B,B,0.95,"[0.1, 0.85, 0.02, 0.01, 0.01, 0.01]",0.54,Other Actors
mistral:7b,NIG30455,S,V,0.95,"[0.1, 0.05, 0.02, 0.0, 0.0, 0.83]",0.54,Other Actors
mistral:7b,NIG32081,B,B,0.95,"[0.05, 0.85, 0.02, 0.01, 0.03, 0.04]",0.53,Other Actors
mistral:7b,NIG38096,V,V,0.95,"[0.1, 0.05, 0.02, 0.01, 0.01, 0.81]",0.53,Other Actors
mistral:7b,NIG19749,B,B,0.95,"[0.1, 0.75, 0.05, 0.02, 0.02, 0.06]",0.52,Other Actors
mistral:7b,NIG31771,V,V,0.95,"[0.1, 0.02, 0.01, 0.0, 0.0, 0.86]",0.53,Other Actors
mistral:7b,NIG37474,S,B,0.95,"[0.05, 0.2, 0.1, 0.05, 0.05, 0.55]",0.53,Other Actors
mistral:7b,NIG31143,E,B,0.95,"[0.1, 0.2, 0.3, 0.05, 0.0, 0.35]",0.53,Other Actors
mistral:7b,NIG34255,B,B,0.95,"[0.05, 0.85, 0.02, 0.01, 0.03, 0.04]",0.51,Other Actors
mistral:7b,NIG20368,B,B,0.95,"[0.05, 0.2, 0.1, 0.05, 0.05, 0.55]",0.52,Other Actors
mistral:7b,NIG18973,E,B,0.95,"[0.1, 0.85, 0.02, 0.0, 0.02, 0.01]",0.53,Other Actors
mistral:7b,NIG32510,B,B,0.95,"[0.1, 0.85, 0.02, 0.01, 0.01, 0.01]",0.53,Other Actors
mistral:7b,NIG29143,B,B,0.95,"[0.1, 0.85, 0.02, 0.0, 0.02, 0.01]",0.53,Other Actors
mistral:7b,NIG37440,B,B,0.95,"[0.05, 0.85, 0.02, 0.01, 0.03, 0.04]",0.53,Other Actors
mistral:7b,NIG31569,E,B,0.95,"[0.1, 0.2, 0.3, 0.15, 0.05, 0.2]",0.53,Other Actors
mistral:7b,NIG25235,B,B,0.95,"[0.1, 0.85, 0.02, 0.01, 0.01, 0.01]",0.54,Other Actors
mistral:7b,NIG26276,E,B,0.95,"[0.1, 0.85, 0.02, 0.0, 0.02, 0.01]",0.53,Other Actors
mistral:7b,NIG35370,E,E,0.95,"[0.1, 0.2, 0.3, 0.15, 0.05, 0.2]",0.54,Other Actors
mistral:7b,NIG38679,B,B,0.95,"[0.1, 0.85, 0.02, 0.01, 0.01, 0.01]",0.53,Other Actors
mistral:7b,NIG20116,B,B,0.95,"[0.1, 0.85, 0.0, 0.0, 0.0, 0.05]",0.55,Other Actors
mistral:7b,NIG20281,B,B,0.95,"[0.1, 0.85, 0.02, 0.01, 0.01, 0.01]",0.54,Other Actors
mistral:7b,NIG37098,B,B,0.95,"[0.1, 0.75, 0.05, 0.02, 0.03, 0.05]",0.53,Other Actors
mistral:7b,NIG23391,S,R,0.95,"[0.05, 0.02, 0.01, 0.85, 0.02, 0.05]",0.54,Other Actors
mistral:7b,NIG24783,B,B,0.95,"[0.05, 0.2, 0.1, 0.05, 0.05, 0.55]",0.54,Other Actors
mistral:7b,NIG32274,E,E,0.95,"[0.1, 0.05, 0.2, 0.02, 0.0, 0.68]",0.53,Other Actors
mistral:7b,NIG34054,V,V,0.95,"[0.1, 0.05, 0.02, 0.01, 0.005, 0.76]",0.53,Other Actors
mistral:7b,NIG28540,E,B,0.95,"[0.1, 0.25, 0.3, 0.05, 0.05, 0.25]",0.55,Other Actors
mistral:7b,NIG28507,B,B,0.95,"[0.1, 0.85, 0.02, 0.01, 0.01, 0.01]",0.53,Other Actors
mistral:7b,NIG31850,V,V,0.95,"[0.1, 0.02, 0.01, 0.0, 0.0, 0.87]",0.52,Other Actors
mistral:7b,NIG30318,B,B,0.95,"[0.05, 0.2, 0.1, 0.05, 0.05, 0.6]",0.53,Other Actors
mistral:7b,NIG26113,B,B,0.95,"[0.05, 0.85, 0.02, 0.01, 0.03, 0.04]",0.54,Other Actors
mistral:7b,NIG29349,E,B,0.95,"[0.1, 0.25, 0.3, 0.05, 0.05, 0.25]",0.53,Other Actors
mistral:7b,NIG19627,B,B,0.95,"[0.1, 0.85, 0.02, 0.01, 0.01, 0.01]",0.54,Other Actors
mistral:7b,NIG36760,B,B,0.95,"[0.1, 0.85, 0.02, 0.01, 0.01, 0.01]",0.53,Other Actors
mistral:7b,NIG38272,E,E,0.95,"[0.05, 0.05, 0.7, 0.0, 0.0, 0.2]",0.54,Other Actors
mistral:7b,NIG20542,B,B,0.95,"[0.1, 0.85, 0.02, 0.01, 0.01, 0.01]",0.53,Other Actors
mistral:7b,NIG22951,B,B,0.95,"[0.1, 0.25, 0.1, 0.1, 0.1, 0.25]",0.52,Other Actors
mistral:7b,NIG35445,E,B,0.85,"[0.1, 0.2, 0.3, 0.1, 0.05, 0.2]",0.53,Other Actors
mistral:7b,NIG25475,V,V,0.95,"[0.1, 0.05, 0.02, 0.01, 0.01, 0.76]",0.54,Other Actors
mistral:7b,NIG29732,B,B,0.95,"[0.1, 0.85, 0.02, 0.01, 0.01, 0.01]",0.53,Other Actors
mistral:7b,NIG37557,B,B,0.95,"[0.1, 0.85, 0.02, 0.01, 0.01, 0.01]",0.54,Other Actors
mistral:7b,NIG15985,B,B,0.95,"[0.05, 0.85, 0.01, 0.01, 0.01, 0.08]",0.53,Other Actors
mistral:7b,NIG24522,B,B,0.95,"[0.05, 0.25, 0.1, 0.0, 0.0, 0.6]",0.56,Other Actors
mistral:7b,NIG22565,B,B,0.95,"[0.1, 0.85, 0.02, 0.01, 0.01, 0.01]",0.53,Other Actors
mistral:7b,NIG38289,E,B,0.95,"[0.1, 0.85, 0.02, 0.01, 0.01, 0.01]",0.54,Other Actors
mistral:7b,NIG33121,E,B,0.95,"[0.1, 0.85, 0.02, 0.01, 0.01, 0.01]",0.52,Other Actors
mistral:7b,NIG29016,V,V,0.95,"[0.1, 0.02, 0.01, 0.0, 0.0, 0.87]",0.53,Other Actors
mistral:7b,NIG38210,B,B,0.95,"[0.1, 0.85, 0.02, 0.01, 0.01, 0.01]",0.53,Other Actors
mistral:7b,NIG37357,V,V,0.95,"[0.1, 0.05, 0.02, 0.01, 0.01, 0.81]",0.54,Other Actors
mistral:7b,NIG30719,B,B,0.95,"[0.1, 0.8, 0.02, 0.03, 0.04, 0.01]",0.54,Other Actors
mistral:7b,NIG34231,B,B,0.95,"[0.1, 0.85, 0.02, 0.01, 0.01, 0.01]",0.53,Other Actors
mistral:7b,NIG36573,B,B,0.95,"[0.1, 0.85, 0.02, 0.01, 0.01, 0.01]",0.53,Other Actors
mistral:7b,NIG26066,E,B,0.95,"[0.1, 0.85, 0.02, 0.01, 0.01, 0.01]",0.54,Other Actors
mistral:7b,NIG38237,S,E,0.95,"[0.1, 0.2, 0.3, 0.05, 0.05, 0.25]",0.53,Other Actors
mistral:7b,NIG32988,E,B,0.95,"[0.1, 0.85, 0.02, 0.01, 0.01, 0.01]",0.53,Other Actors
mistral:7b,NIG21509,E,B,0.95,"[0.1, 0.85, 0.02, 0.0, 0.02, 0.01]",0.52,Other Actors
mistral:7b,NIG24348,B,B,0.95,"[0.1, 0.85, 0.02, 0.01, 0.01, 0.01]",0.52,Other Actors
mistral:7b,NIG33718,B,B,0.95,"[0.1, 0.25, 0.3, 0.05, 0.05, 0.25]",0.54,Other Actors
mistral:7b,NIG23204,B,B,0.95,"[0.1, 0.85, 0.02, 0.02, 0.01, 0.0]",0.53,Other Actors
mistral:7b,NIG37659,B,B,0.95,"[0.05, 0.85, 0.02, 0.03, 0.01, 0.04]",0.53,Other Actors
mistral:7b,NIG24528,B,B,0.95,"[0.1, 0.85, 0.02, 0.01, 0.01, 0.01]",0.52,Other Actors
mistral:7b,NIG22243,V,V,0.95,"[0.1, 0.05, 0.02, 0.0, 0.0, 0.83]",0.53,Other Actors
mistral:7b,NIG30212,B,B,0.95,"[0.1, 0.25, 0.15, 0.1, 0.1, 0.2]",0.54,Other Actors
mistral:7b,NIG35817,B,B,0.95,"[0.1, 0.8, 0.02, 0.03, 0.04, 0.01]",0.53,Other Actors
mistral:7b,NIG17053,S,P,0.85,"[0.1, 0.12, 0.15, 0.4, 0.1, 0.13]",0.53,Other Actors
mistral:7b,NIG17079,B,B,0.95,"[0.1, 0.85, 0.02, 0.01, 0.01, 0.01]",0.53,Other Actors
mistral:7b,NIG28528,B,B,0.95,"[0.1, 0.85, 0.02, 0.02, 0.0, 0.01]",0.54,Other Actors
mistral:7b,NIG28049,B,B,0.95,"[0.1, 0.85, 0.02, 0.01, 0.01, 0.01]",0.53,Other Actors
mistral:7b,NIG18121,B,B,0.95,"[0.1, 0.25, 0.1, 0.1, 0.1, 0.25]",0.53,Other Actors
mistral:7b,NIG32803,B,B,0.95,"[0.1, 0.85, 0.02, 0.01, 0.01, 0.01]",0.53,Other Actors
mistral:7b,NIG37032,B,B,0.95,"[0.1, 0.85, 0.02, 0.01, 0.01, 0.01]",0.53,Other Actors
mistral:7b,NIG37654,B,B,0.95,"[0.1, 0.85, 0.02, 0.01, 0.01, 0.01]",0.54,Other Actors
mistral:7b,NIG37652,B,B,0.95,"[0.1, 0.85, 0.02, 0.01, 0.01, 0.01]",0.53,Other Actors
mistral:7b,NIG22845,B,B,0.95,"[0.1, 0.85, 0.02, 0.01, 0.01, 0.01]",0.54,Other Actors
mistral:7b,NIG19264,B,B,0.95,"[0.1, 0.85, 0.02, 0.0, 0.02, 0.01]",0.53,Other Actors
mistral:7b,NIG17433,B,B,0.95,"[0.1, 0.85, 0.02, 0.0, 0.02, 0.01]",0.54,Other Actors
mistral:7b,NIG38683,S,S,0.95,"[0.1, 0.05, 0.02, 0.0, 0.0, 0.83]",0.52,Other Actors
mistral:7b,NIG35552,E,B,0.85,"[0.1, 0.2, 0.3, 0.1, 0.05, 0.2]",0.54,Other Actors
mistral:7b,NIG17814,V,V,0.95,"[0.1, 0.02, 0.01, 0.0, 0.0, 0.86]",0.54,Other Actors
mistral:7b,NIG32724,V,V,0.95,"[0.1, 0.02, 0.01, 0.0, 0.0, 0.86]",0.52,Other Actors
mistral:7b,NIG33934,V,V,0.95,"[0.1, 0.02, 0.01, 0.0, 0.0, 0.86]",0.54,Other Actors
mistral:7b,NIG19847,B,B,0.95,"[0.1, 0.85, 0.02, 0.01, 0.01, 0.01]",0.54,Other Actors
mistral:7b,NIG26277,E,B,0.95,"[0.1, 0.85, 0.02, 0.01, 0.01, 0.01]",0.53,Other Actors
mistral:7b,NIG34333,B,B,0.85,"[0.1, 0.2, 0.3, 0.1, 0.05, 0.2]",0.54,Other Actors
mistral:7b,NIG32787,E,E,0.95,"[0.1, 0.05, 0.2, 0.05, 0.0, 0.6]",0.54,Other Actors
mistral:7b,NIG19496,E,B,0.85,"[0.1, 0.2, 0.3, 0.1, 0.05, 0.2]",0.54,Other Actors
mistral:7b,NIG23774,E,B,0.95,"[0.1, 0.2, 0.3, 0.05, 0.05, 0.25]",0.54,Other Actors
mistral:7b,NIG33251,S,S,0.95,"[0.05, 0.02, 0.1, 0.0, 0.0, 0.83]",0.54,Other Actors
mistral:7b,NIG21651,B,B,0.95,"[0.1, 0.8, 0.02, 0.0, 0.03, 0.05]",0.53,Other Actors
mistral:7b,NIG38736,E,V,0.95,"[0.1, 0.05, 0.02, 0.01, 0.005, 0.76]",0.54,Other Actors
mistral:7b,NIG33125,S,E,0.95,"[0.05, 0.02, 0.1, 0.0, 0.0, 0.83]",0.51,Other Actors
mistral:7b,NIG22426,E,B,0.85,"[0.1, 0.2, 0.3, 0.15, 0.05, 0.2]",0.53,Other Actors
mistral:7b,NIG31447,V,V,0.95,"[0.1, 0.05, 0.02, 0.0, 0.0, 0.83]",0.54,Other Actors
mistral:7b,NIG26650,S,S,0.95,"[0.05, 0.02, 0.01, 0.0, 0.0, 0.92]",0.54,Other Actors
mistral:7b,NIG39040,B,B,0.95,"[0.1, 0.2, 0.3, 0.15, 0.05, 0.25]",0.54,Other Actors
mistral:7b,NIG36713,V,V,0.95,"[0.1, 0.02, 0.01, 0.0, 0.0, 0.87]",0.53,Other Actors
mistral:7b,NIG26279,E,B,0.85,"[0.1, 0.25, 0.1, 0.05, 0.05, 0.45]",0.53,Other Actors
mistral:7b,NIG24416,B,B,0.95,"[0.1, 0.8, 0.02, 0.03, 0.04, 0.01]",0.54,Other Actors
mistral:7b,NIG33879,S,B,0.95,"[0.05, 0.85, 0.01, 0.02, 0.01, 0.06]",0.54,Other Actors
mistral:7b,NIG33507,B,B,0.95,"[0.05, 0.85, 0.02, 0.01, 0.03, 0.04]",0.54,Other Actors
mistral:7b,NIG18205,B,B,0.95,"[0.1, 0.85, 0.02, 0.0, 0.02, 0.01]",0.53,Other Actors
mistral:7b,NIG29720,V,V,0.95,"[0.1, 0.05, 0.02, 0.01, 0.01, 0.81]",0.55,Other Actors
mistral:7b,NIG29453,B,B,0.95,"[0.1, 0.85, 0.02, 0.01, 0.01, 0.01]",0.53,Other Actors
mistral:7b,NIG21152,B,B,0.95,"[0.1, 0.85, 0.02, 0.01, 0.01, 0.01]",0.53,Other Actors
mistral:7b,NIG30817,B,B,0.95,"[0.1, 0.85, 0.02, 0.01, 0.01, 0.01]",0.54,Other Actors
mistral:7b,NIG16052,E,B,0.95,"[0.1, 0.85, 0.02, 0.0, 0.02, 0.01]",0.54,Other Actors
mistral:7b,NIG38759,B,B,0.95,"[0.1, 0.85, 0.02, 0.01, 0.01, 0.01]",0.54,Other Actors
mistral:7b,NIG20371,V,V,0.95,"[0.1, 0.05, 0.02, 0.01, 0.01, 0.81]",0.55,Other Actors
mistral:7b,NIG39431,B,B,0.85,"[0.1, 0.15, 0.2, 0.3, 0.1, 0.15]",0.54,Other Actors
mistral:7b,NIG23775,E,B,0.95,"[0.1, 0.2, 0.3, 0.15, 0.05, 0.15]",0.52,Other Actors
mistral:7b,NIG22859,B,B,0.95,"[0.05, 0.85, 0.02, 0.01, 0.03, 0.04]",0.54,Other Actors
mistral:7b,NIG37875,S,E,0.95,"[0.05, 0.02, 0.1, 0.0, 0.0, 0.83]",0.53,Other Actors
mistral:7b,NIG27104,V,V,0.95,"[0.1, 0.05, 0.02, 0.0, 0.0, 0.83]",0.53,Other Actors
mistral:7b,NIG26128,B,B,0.95,"[0.1, 0.85, 0.02, 0.01, 0.01, 0.01]",0.56,Other Actors
mistral:7b,NIG31352,E,B,0.95,"[0.1, 0.85, 0.02, 0.0, 0.02, 0.01]",0.53,Other Actors
mistral:7b,NIG38188,E,B,0.95,"[0.1, 0.85, 0.02, 0.01, 0.01, 0.01]",0.53,Other Actors
mistral:7b,NIG29370,B,B,0.95,"[0.1, 0.2, 0.3, 0.1, 0.05, 0.2]",0.54,Other Actors
mistral:7b,NIG35372,E,E,0.95,"[0.1, 0.2, 0.3, 0.15, 0.05, 0.2]",0.55,Other Actors
mistral:7b,NIG21022,B,V,0.95,"[0.1, 0.05, 0.02, 0.01, 0.01, 0.76]",0.53,Other Actors
mistral:7b,NIG36619,V,P,0.95,"[0.1, 0.05, 0.02, 0.85, 0.02, 0.0]",0.53,Other Actors
mistral:7b,NIG16622,E,B,0.95,"[0.1, 0.85, 0.02, 0.0, 0.02, 0.01]",0.54,Other Actors
mistral:7b,NIG25047,B,B,0.95,"[0.1, 0.85, 0.02, 0.01, 0.01, 0.01]",0.54,Other Actors
mistral:7b,NIG35490,B,B,0.95,"[0.1, 0.25, 0.3, 0.05, 0.05, 0.2]",0.55,Other Actors
mistral:7b,NIG25887,E,B,0.95,"[0.1, 0.2, 0.3, 0.05, 0.05, 0.25]",0.55,Other Actors
mistral:7b,NIG36054,E,B,0.85,"[0.1, 0.05, 0.03, 0.02, 0.01, 0.74]",0.54,Other Actors
mistral:7b,NIG16365,E,B,0.95,"[0.1, 0.85, 0.02, 0.0, 0.02, 0.01]",0.53,Other Actors
mistral:7b,NIG34999,B,B,0.95,"[0.1, 0.85, 0.02, 0.01, 0.01, 0.01]",0.55,Other Actors
mistral:7b,NIG35269,B,B,0.95,"[0.1, 0.75, 0.05, 0.02, 0.02, 0.06]",0.54,Other Actors
mistral:7b,NIG34417,B,B,0.95,"[0.1, 0.75, 0.05, 0.02, 0.02, 0.06]",0.54,Other Actors
mistral:7b,NIG35790,B,B,0.95,"[0.1, 0.8, 0.02, 0.03, 0.02, 0.07]",0.54,Other Actors
mistral:7b,NIG31640,S,B,0.95,"[0.1, 0.25, 0.1, 0.05, 0.05, 0.45]",0.53,Other Actors
mistral:7b,NIG38510,V,V,0.95,"[0.1, 0.02, 0.01, 0.0, 0.0, 0.86]",0.54,Other Actors
mistral:7b,NIG17566,B,B,0.95,"[0.1, 0.85, 0.02, 0.01, 0.01, 0.01]",0.52,Other Actors
mistral:7b,NIG21024,B,B,0.85,"[0.1, 0.2, 0.15, 0.1, 0.1, 0.2]",0.54,Other Actors
mistral:7b,NIG19166,B,B,0.95,"[0.1, 0.85, 0.02, 0.0, 0.02, 0.01]",0.53,Other Actors
mistral:7b,NIG28896,E,B,0.85,"[0.1, 0.15, 0.2, 0.1, 0.1, 0.25]",0.55,Other Actors
mistral:7b,NIG25405,S,S,0.95,"[0.05, 0.02, 0.01, 0.0, 0.0, 0.92]",0.53,Other Actors
mistral:7b,NIG17044,S,B,0.85,"[0.1, 0.15, 0.2, 0.1, 0.1, 0.25]",0.52,Other Actors
mistral:7b,NIG29242,V,V,0.95,"[0.1, 0.05, 0.02, 0.01, 0.01, 0.76]",0.54,Other Actors
mistral:7b,NIG20470,B,B,0.95,"[0.05, 0.85, 0.01, 0.02, 0.03, 0.04]",0.55,Other Actors
mistral:7b,NIG27410,V,V,0.95,"[0.1, 0.05, 0.02, 0.0, 0.0, 0.83]",0.52,Other Actors
mistral:7b,NIG17107,V,R,0.75,"[0.1, 0.05, 0.02, 0.75, 0.02, 0.06]",0.53,Other Actors
mistral:7b,NIG31593,E,B,0.85,"[0.1, 0.2, 0.3, 0.05, 0.05, 0.25]",0.54,Other Actors
mistral:7b,NIG16769,V,V,0.95,"[0.1, 0.02, 0.01, 0.0, 0.0, 0.86]",0.53,Other Actors
mistral:7b,NIG24250,B,B,0.95,"[0.1, 0.85, 0.02, 0.02, 0.01, 0.0]",0.54,Other Actors
mistral:7b,NIG36572,S,S,0.85,"[0.1, 0.05, 0.03, 0.02, 0.01, 0.74]",0.54,Other Actors
mistral:7b,NIG18924,B,B,0.95,"[0.1, 0.85, 0.02, 0.01, 0.01, 0.01]",0.53,Other Actors
mistral:7b,NIG16292,V,B,0.85,"[0.1, 0.2, 0.3, 0.05, 0.05, 0.25]",0.55,Other Actors
mistral:7b,NIG20191,B,B,0.95,"[0.1, 0.8, 0.02, 0.03, 0.04, 0.01]",0.53,Other Actors
mistral:7b,NIG38680,B,B,0.95,"[0.1, 0.85, 0.02, 0.01, 0.01, 0.01]",0.53,Other Actors
mistral:7b,NIG22566,E,V,0.95,"[0.1, 0.05, 0.02, 0.01, 0.01, 0.81]",0.53,Other Actors
mistral:7b,NIG20826,B,B,0.85,"[0.1, 0.05, 0.03, 0.02, 0.15, 0.6]",0.54,Other Actors
mistral:7b,NIG35818,B,B,0.95,"[0.1, 0.85, 0.02, 0.01, 0.01, 0.01]",0.53,Other Actors
mistral:7b,NIG37772,B,B,0.95,"[0.1, 0.85, 0.02, 0.01, 0.01, 0.01]",0.54,Other Actors
mistral:7b,NIG17208,B,B,0.95,"[0.05, 0.85, 0.01, 0.02, 0.03, 0.04]",0.53,Other Actors
mistral:7b,NIG38761,B,B,0.85,"[0.1, 0.2, 0.3, 0.1, 0.1, 0.25]",0.53,Other Actors
mistral:7b,NIG21627,E,B,0.95,"[0.1, 0.25, 0.15, 0.1, 0.1, 0.2]",0.53,Other Actors
mistral:7b,NIG32725,V,V,0.95,"[0.1, 0.02, 0.01, 0.005, 0.002, 0.863]",0.56,Other Actors
mistral:7b,NIG26525,V,V,0.95,"[0.1, 0.05, 0.02, 0.01, 0.01, 0.81]",0.52,Other Actors
mistral:7b,NIG38230,V,V,0.95,"[0.1, 0.05, 0.02, 0.01, 0.01, 0.81]",0.52,Other Actors
mistral:7b,NIG29491,S,S,0.95,"[0.1, 0.05, 0.02, 0.0, 0.0, 0.83]",0.53,Other Actors
mistral:7b,NIG28610,E,B,0.95,"[0.1, 0.85, 0.02, 0.01, 0.01, 0.01]",0.54,Other Actors
mistral:7b,NIG19965,B,B,0.95,"[0.1, 0.85, 0.02, 0.01, 0.01, 0.01]",0.53,Other Actors
mistral:7b,NIG33282,B,B,0.95,"[0.1, 0.85, 0.02, 0.01, 0.01, 0.01]",0.53,Other Actors
mistral:7b,NIG24682,B,B,0.95,"[0.1, 0.85, 0.02, 0.01, 0.01, 0.01]",0.53,Other Actors
mistral:7b,NIG29589,E,B,0.95,"[0.1, 0.8, 0.02, 0.03, 0.04, 0.01]",0.53,Other Actors
mistral:7b,NIG21792,B,B,0.95,"[0.1, 0.85, 0.02, 0.01, 0.01, 0.01]",0.52,Other Actors
mistral:7b,NIG35941,E,B,0.95,"[0.1, 0.8, 0.02, 0.0, 0.03, 0.05]",0.54,Other Actors
mistral:7b,NIG39152,B,B,0.95,"[0.1, 0.85, 0.02, 0.01, 0.01, 0.01]",0.54,Other Actors
mistral:7b,NIG28489,B,B,0.95,"[0.1, 0.85, 0.02, 0.01, 0.01, 0.01]",0.53,Other Actors
mistral:7b,NIG21932,V,V,0.95,"[0.1, 0.05, 0.02, 0.01, 0.01, 0.81]",0.52,Other Actors
mistral:7b,NIG39149,B,B,0.95,"[0.1, 0.85, 0.02, 0.01, 0.01, 0.01]",0.54,Other Actors
mistral:7b,NIG28283,B,B,0.95,"[0.1, 0.85, 0.02, 0.01, 0.01, 0.01]",0.54,Other Actors
mistral:7b,NIG34478,V,V,0.95,"[0.1, 0.02, 0.01, 0.0, 0.0, 0.86]",0.54,Other Actors
mistral:7b,NIG20713,B,B,0.85,"[0.1, 0.15, 0.2, 0.2, 0.15, 0.15]",0.54,Other Actors
mistral:7b,NIG17489,E,B,0.95,"[0.1, 0.85, 0.02, 0.0, 0.02, 0.01]",0.53,Other Actors
mistral:7b,NIG29896,V,V,0.95,"[0.1, 0.05, 0.0, 0.0, 0.0, 0.85]",0.53,Other Actors
mistral:7b,NIG24514,B,B,0.95,"[0.1, 0.2, 0.3, 0.05, 0.05, 0.25]",0.53,Other Actors
mistral:7b,NIG22750,B,B,0.95,"[0.1, 0.85, 0.02, 0.01, 0.01, 0.01]",0.54,Other Actors
mistral:7b,NIG37962,E,B,0.95,"[0.1, 0.85, 0.02, 0.01, 0.01, 0.01]",0.53,Other Actors
mistral:7b,NIG29192,E,V,0.95,"[0.1, 0.05, 0.2, 0.03, 0.02, 0.6]",0.52,Other Actors
mistral:7b,NIG17895,S,E,0.95,"[0.05, 0.02, 0.1, 0.0, 0.0, 0.83]",0.53,Other Actors
mistral:7b,NIG19407,B,B,0.95,"[0.1, 0.75, 0.05, 0.02, 0.02, 0.06]",0.53,Other Actors
mistral:7b,NIG28440,E,B,0.95,"[0.1, 0.25, 0.3, 0.05, 0.05, 0.25]",0.53,Other Actors
mistral:7b,NIG19376,B,B,0.85,"[0.1, 0.2, 0.15, 0.05, 0.02, 0.43]",0.53,Other Actors
mistral:7b,NIG35167,E,B,0.95,"[0.05, 0.85, 0.02, 0.01, 0.01, 0.07]",0.53,Other Actors
mistral:7b,NIG16948,E,B,0.95,"[0.1, 0.25, 0.15, 0.1, 0.1, 0.2]",0.54,Other Actors
mistral:7b,NIG35481,B,B,0.95,"[0.1, 0.8, 0.02, 0.03, 0.02, 0.03]",0.53,Other Actors
mistral:7b,NIG18054,V,V,0.95,"[0.1, 0.02, 0.01, 0.0, 0.0, 0.87]",0.53,Other Actors
mistral:7b,NIG16552,E,B,0.95,"[0.1, 0.85, 0.02, 0.0, 0.0, 0.03]",0.51,Other Actors
mistral:7b,NIG34723,B,B,0.95,"[0.1, 0.25, 0.1, 0.1, 0.1, 0.35]",0.53,Other Actors
mistral:7b,NIG38338,B,B,0.85,"[0.1, 0.2, 0.3, 0.15, 0.05, 0.2]",0.54,Other Actors
mistral:7b,NIG29509,B,B,0.95,"[0.1, 0.25, 0.3, 0.05, 0.05, 0.2]",0.54,Other Actors
mistral:7b,NIG16027,B,B,0.95,"[0.1, 0.85, 0.02, 0.0, 0.02, 0.01]",0.54,Other Actors
mistral:7b,NIG21199,B,B,0.95,"[0.1, 0.25, 0.15, 0.1, 0.15, 0.2]",0.53,Other Actors
mistral:7b,NIG25891,E,B,0.95,"[0.1, 0.2, 0.3, 0.05, 0.05, 0.25]",0.54,Other Actors
mistral:7b,NIG34248,V,V,0.95,"[0.1, 0.05, 0.02, 0.01, 0.01, 0.81]",0.55,Other Actors
mistral:7b,NIG18955,B,B,0.95,"[0.1, 0.85, 0.02, 0.01, 0.01, 0.01]",0.53,Other Actors
mistral:7b,NIG35342,B,B,0.95,"[0.1, 0.8, 0.02, 0.03, 0.02, 0.07]",0.54,Other Actors
mistral:7b,NIG29980,B,B,0.95,"[0.1, 0.2, 0.3, 0.15, 0.05, 0.2]",0.54,Other Actors
mistral:7b,NIG16672,V,V,0.95,"[0.1, 0.05, 0.02, 0.0, 0.0, 0.83]",0.52,Other Actors
mistral:7b,NIG26875,B,B,0.95,"[0.1, 0.75, 0.05, 0.02, 0.02, 0.06]",0.55,Other Actors
mistral:7b,NIG17324,B,B,0.95,"[0.05, 0.85, 0.02, 0.01, 0.01, 0.07]",0.54,Other Actors
mistral:7b,NIG23964,E,B,0.95,"[0.1, 0.85, 0.02, 0.0, 0.02, 0.01]",0.53,Other Actors
mistral:7b,NIG37658,B,B,0.85,"[0.1, 0.2, 0.15, 0.1, 0.1, 0.25]",0.54,Other Actors
mistral:7b,NIG33736,B,B,0.95,"[0.1, 0.2, 0.3, 0.15, 0.05, 0.2]",0.55,Other Actors
mistral:7b,NIG34795,B,B,0.95,"[0.1, 0.85, 0.02, 0.01, 0.01, 0.01]",0.54,Other Actors
mistral:7b,NIG18637,E,B,0.95,"[0.1, 0.85, 0.02, 0.0, 0.02, 0.01]",0.52,Other Actors
mistral:7b,NIG34122,B,B,0.95,"[0.1, 0.85, 0.02, 0.01, 0.01, 0.01]",0.54,Other Actors
mistral:7b,NIG31998,B,B,0.95,"[0.1, 0.85, 0.02, 0.01, 0.01, 0.01]",0.53,Other Actors
mistral:7b,NIG29515,B,B,0.95,"[0.1, 0.2, 0.3, 0.15, 0.05, 0.15]",0.54,Other Actors
mistral:7b,NIG29602,B,B,0.85,"[0.1, 0.2, 0.3, 0.15, 0.05, 0.2]",0.54,Other Actors
mistral:7b,NIG33966,B,B,0.85,"[0.1, 0.05, 0.1, 0.02, 0.05, 0.63]",0.54,Other Actors
mistral:7b,NIG27393,B,R,0.95,"[0.05, 0.02, 0.1, 0.7, 0.03, 0.05]",0.53,Other Actors
mistral:7b,NIG21894,E,B,0.95,"[0.1, 0.85, 0.02, 0.01, 0.01, 0.01]",0.54,Other Actors
mistral:7b,NIG30514,B,B,0.95,"[0.05, 0.85, 0.02, 0.03, 0.01, 0.04]",0.55,Other Actors
mistral:7b,NIG35039,S,R,0.95,"[0.1, 0.05, 0.02, 0.8, 0.02, 0.01]",0.53,Other Actors
mistral:7b,NIG17071,B,B,0.85,"[0.1, 0.15, 0.2, 0.25, 0.1, 0.15]",0.53,Other Actors
mistral:7b,NIG29333,V,V,0.95,"[0.1, 0.02, 0.01, 0.0, 0.0, 0.87]",0.53,Other Actors
mistral:7b,NIG40202,S,E,0.95,"[0.05, 0.05, 0.7, 0.0, 0.0, 0.2]",0.56,Other Actors
mistral:7b,NIG35732,B,B,0.95,"[0.05, 0.85, 0.02, 0.01, 0.03, 0.04]",0.53,Other Actors
mistral:7b,NIG34226,V,V,0.95,"[0.1, 0.05, 0.02, 0.0, 0.0, 0.83]",0.53,Other Actors
mistral:7b,NIG38100,B,B,0.95,"[0.1, 0.85, 0.02, 0.01, 0.01, 0.01]",0.55,Other Actors
mistral:7b,NIG35968,B,B,0.95,"[0.1, 0.85, 0.02, 0.01, 0.01, 0.01]",0.53,Other Actors
mistral:7b,NIG35815,B,B,0.95,"[0.05, 0.85, 0.02, 0.01, 0.03, 0.04]",0.53,Other Actors
mistral:7b,NIG21590,B,B,0.95,"[0.1, 0.85, 0.02, 0.01, 0.01, 0.01]",0.53,Other Actors
mistral:7b,NIG37773,B,B,0.95,"[0.1, 0.25, 0.15, 0.1, 0.1, 0.2]",0.54,Other Actors
mistral:7b,NIG17945,B,B,0.95,"[0.05, 0.85, 0.01, 0.02, 0.01, 0.06]",0.54,Other Actors
mistral:7b,NIG16174,E,B,0.95,"[0.1, 0.85, 0.02, 0.0, 0.02, 0.01]",0.54,Other Actors
mistral:7b,NIG37201,B,B,0.95,"[0.1, 0.85, 0.02, 0.01, 0.01, 0.01]",0.53,Other Actors
mistral:7b,NIG24919,E,B,0.95,"[0.1, 0.85, 0.02, 0.01, 0.01, 0.01]",0.53,Other Actors
mistral:7b,NIG35628,B,B,0.95,"[0.05, 0.85, 0.02, 0.03, 0.01, 0.04]",0.52,Other Actors
mistral:7b,NIG28880,V,V,0.95,"[0.1, 0.02, 0.01, 0.0, 0.0, 0.86]",0.53,Other Actors
mistral:7b,NIG19472,B,B,0.95,"[0.1, 0.85, 0.02, 0.01, 0.01, 0.01]",0.53,Other Actors
mistral:7b,NIG33700,E,E,0.95,"[0.05, 0.05, 0.7, 0.0, 0.0, 0.2]",0.55,Other Actors
mistral:7b,NIG24588,E,B,0.95,"[0.1, 0.85, 0.02, 0.0, 0.02, 0.01]",0.55,Other Actors
mistral:7b,NIG32440,E,B,0.95,"[0.1, 0.85, 0.02, 0.01, 0.01, 0.01]",0.54,Other Actors
mistral:7b,NIG37851,B,B,0.95,"[0.1, 0.8, 0.02, 0.03, 0.04, 0.01]",0.53,Other Actors
mistral:7b,NIG35600,E,B,0.95,"[0.1, 0.85, 0.02, 0.01, 0.01, 0.01]",0.53,Other Actors
mistral:7b,NIG19118,B,B,0.95,"[0.1, 0.85, 0.02, 0.01, 0.01, 0.01]",0.55,Other Actors
mistral:7b,NIG28746,E,B,0.85,"[0.1, 0.25, 0.15, 0.1, 0.1, 0.2]",0.53,Other Actors
mistral:7b,NIG25423,B,B,0.95,"[0.1, 0.75, 0.05, 0.02, 0.02, 0.06]",0.52,Other Actors
mistral:7b,NIG33704,B,B,0.85,"[0.1, 0.2, 0.15, 0.1, 0.1, 0.2]",0.54,Other Actors
mistral:7b,NIG16283,S,E,0.95,"[0.1, 0.2, 0.3, 0.05, 0.0, 0.35]",0.54,Other Actors
mistral:7b,NIG17750,V,V,0.95,"[0.1, 0.05, 0.02, 0.0, 0.0, 0.83]",0.53,Other Actors
mistral:7b,NIG37466,V,V,0.95,"[0.1, 0.02, 0.01, 0.0, 0.0, 0.86]",0.54,Other Actors
mistral:7b,NIG32637,B,B,0.95,"[0.05, 0.85, 0.02, 0.01, 0.03, 0.04]",0.53,Other Actors
mistral:7b,NIG29773,B,B,0.95,"[0.1, 0.85, 0.02, 0.02, 0.0, 0.01]",0.54,Other Actors
mistral:7b,NIG31429,B,B,0.95,"[0.1, 0.75, 0.05, 0.02, 0.02, 0.06]",0.53,Other Actors
mistral:7b,NIG38308,B,B,0.85,"[0.1, 0.2, 0.15, 0.1, 0.1, 0.2]",0.53,Other Actors
mistral:7b,NIG20349,E,B,0.95,"[0.1, 0.25, 0.1, 0.05, 0.05, 0.45]",0.54,Other Actors
mistral:7b,NIG24084,B,B,0.95,"[0.1, 0.75, 0.05, 0.02, 0.02, 0.06]",0.55,Other Actors
mistral:7b,NIG23101,E,B,0.95,"[0.1, 0.2, 0.3, 0.05, 0.05, 0.25]",0.55,Other Actors
mistral:7b,NIG37555,B,B,0.95,"[0.1, 0.85, 0.02, 0.02, 0.01, 0.0]",0.54,Other Actors
mistral:7b,NIG26526,V,V,0.95,"[0.1, 0.02, 0.01, 0.0, 0.0, 0.87]",0.53,Other Actors
mistral:7b,NIG29588,E,B,0.95,"[0.1, 0.85, 0.02, 0.01, 0.01, 0.01]",0.53,Other Actors
mistral:7b,NIG20796,B,B,0.95,"[0.1, 0.85, 0.02, 0.01, 0.01, 0.01]",0.53,Other Actors
mistral:7b,NIG34789,B,B,0.85,"[0.1, 0.2, 0.15, 0.1, 0.1, 0.25]",0.54,Other Actors
mistral:7b,NIG36874,B,B,0.95,"[0.1, 0.85, 0.02, 0.01, 0.01, 0.01]",0.54,Other Actors
mistral:7b,NIG23107,B,B,0.95,"[0.05, 0.85, 0.02, 0.01, 0.03, 0.04]",0.53,Other Actors
mistral:7b,NIG35040,S,S,0.95,"[0.1, 0.05, 0.02, 0.0, 0.0, 0.83]",0.53,Other Actors
mistral:7b,NIG32842,S,V,0.95,"[0.1, 0.05, 0.02, 0.0, 0.0, 0.83]",0.55,Other Actors
mistral:7b,NIG20181,B,B,0.95,"[0.1, 0.85, 0.02, 0.01, 0.01, 0.01]",0.53,Other Actors
mistral:7b,NIG20666,B,B,0.95,"[0.1, 0.25, 0.3, 0.1, 0.05, 0.2]",0.53,Other Actors
mistral:7b,NIG21336,B,B,0.95,"[0.1, 0.8, 0.02, 0.03, 0.04, 0.01]",0.54,Other Actors
mistral:7b,NIG38277,B,B,0.95,"[0.1, 0.85, 0.02, 0.01, 0.01, 0.01]",0.53,Other Actors
mistral:7b,NIG19212,E,B,0.95,"[0.1, 0.85, 0.02, 0.0, 0.02, 0.01]",0.53,Other Actors
mistral:7b,NIG29615,B,B,0.95,"[0.1, 0.85, 0.02, 0.01, 0.01, 0.01]",0.54,Other Actors
mistral:7b,NIG36646,B,B,0.95,"[0.05, 0.85, 0.02, 0.01, 0.03, 0.04]",0.53,Other Actors
mistral:7b,NIG33504,B,B,0.95,"[0.1, 0.85, 0.02, 0.01, 0.01, 0.01]",0.54,Other Actors
mistral:7b,NIG34771,B,B,0.95,"[0.1, 0.85, 0.02, 0.01, 0.01, 0.01]",0.54,Other Actors
mistral:7b,NIG20534,B,B,0.95,"[0.1, 0.85, 0.02, 0.0, 0.02, 0.01]",0.53,Other Actors
mistral:7b,NIG34045,B,B,0.95,"[0.1, 0.85, 0.02, 0.01, 0.01, 0.01]",0.53,Other Actors
mistral:7b,NIG39433,V,V,0.95,"[0.1, 0.05, 0.02, 0.0, 0.0, 0.83]",0.52,Other Actors
mistral:7b,NIG20190,B,B,0.95,"[0.1, 0.85, 0.02, 0.01, 0.01, 0.01]",0.54,Other Actors
mistral:7b,NIG36758,B,B,0.95,"[0.1, 0.85, 0.02, 0.02, 0.01, 0.0]",0.54,Other Actors
mistral:7b,NIG35258,E,B,0.95,"[0.1, 0.85, 0.02, 0.01, 0.01, 0.01]",0.53,Other Actors
mistral:7b,NIG30111,B,B,0.95,"[0.05, 0.2, 0.1, 0.05, 0.05, 0.55]",0.53,Other Actors
mistral:7b,NIG36868,B,B,0.95,"[0.1, 0.85, 0.02, 0.01, 0.01, 0.01]",0.54,Other Actors
mistral:7b,NIG39043,B,B,0.95,"[0.1, 0.85, 0.02, 0.01, 0.01, 0.01]",0.53,Other Actors
mistral:7b,NIG34588,B,B,0.95,"[0.1, 0.85, 0.02, 0.01, 0.01, 0.01]",0.53,Other Actors
mistral:7b,NIG24517,B,B,0.95,"[0.1, 0.25, 0.1, 0.05, 0.0, 0.45]",0.55,Other Actors
mistral:7b,NIG33847,B,B,0.95,"[0.1, 0.85, 0.02, 0.01, 0.01, 0.01]",0.54,Other Actors
mistral:7b,NIG35002,B,B,0.95,"[0.1, 0.85, 0.02, 0.01, 0.01, 0.01]",0.54,Other Actors
mistral:7b,NIG37282,V,V,0.95,"[0.1, 0.05, 0.02, 0.0, 0.0, 0.83]",0.53,Other Actors
mistral:7b,NIG36154,S,V,0.95,"[0.1, 0.05, 0.0, 0.0, 0.0, 0.85]",0.53,Other Actors
mistral:7b,NIG20450,E,B,0.95,"[0.1, 0.2, 0.3, 0.1, 0.05, 0.2]",0.55,Other Actors
mistral:7b,NIG26897,V,V,0.95,"[0.1, 0.05, 0.02, 0.01, 0.01, 0.81]",0.53,Other Actors
mistral:7b,NIG37514,B,B,0.95,"[0.1, 0.75, 0.05, 0.02, 0.02, 0.06]",0.54,Other Actors
mistral:7b,NIG38244,S,P,0.75,"[0.1, 0.15, 0.2, 0.35, 0.05, 0.1]",0.53,Other Actors
mistral:7b,NIG33332,B,B,0.95,"[0.1, 0.85, 0.02, 0.01, 0.01, 0.01]",0.53,Other Actors
mistral:7b,NIG22837,V,V,0.95,"[0.1, 0.02, 0.01, 0.0, 0.0, 0.87]",0.52,Other Actors
mistral:7b,NIG36108,B,B,0.95,"[0.1, 0.85, 0.02, 0.01, 0.01, 0.01]",0.54,Other Actors
mistral:7b,NIG38486,B,B,0.95,"[0.1, 0.8, 0.02, 0.03, 0.04, 0.01]",0.54,Other Actors
mistral:7b,NIG16613,V,V,0.95,"[0.1, 0.05, 0.02, 0.0, 0.0, 0.83]",0.53,Other Actors
mistral:7b,NIG20465,B,B,0.95,"[0.05, 0.85, 0.02, 0.01, 0.03, 0.04]",0.54,Other Actors
mistral:7b,NIG17949,E,B,0.95,"[0.1, 0.85, 0.02, 0.0, 0.02, 0.01]",0.53,Other Actors
mistral:7b,NIG29526,B,B,0.95,"[0.1, 0.85, 0.02, 0.01, 0.01, 0.01]",0.55,Other Actors
mistral:7b,NIG26064,E,B,0.85,"[0.1, 0.05, 0.1, 0.2, 0.05, 0.45]",0.52,Other Actors
mistral:7b,NIG22496,E,B,0.95,"[0.1, 0.85, 0.02, 0.01, 0.01, 0.01]",0.53,Other Actors
mistral:7b,NIG19915,B,B,0.95,"[0.1, 0.85, 0.02, 0.03, 0.0, 0.0]",0.53,Other Actors
mistral:7b,NIG16865,E,B,0.95,"[0.1, 0.85, 0.02, 0.0, 0.02, 0.01]",0.52,Other Actors
mistral:7b,NIG36762,B,B,0.95,"[0.1, 0.85, 0.02, 0.01, 0.01, 0.01]",0.54,Other Actors
mistral:7b,NIG38764,B,B,0.95,"[0.1, 0.25, 0.1, 0.1, 0.1, 0.25]",0.54,Other Actors
mistral:7b,NIG18902,B,B,0.95,"[0.1, 0.85, 0.02, 0.01, 0.01, 0.01]",0.53,Other Actors
mistral:7b,NIG30720,B,B,0.95,"[0.1, 0.85, 0.02, 0.01, 0.01, 0.01]",0.53,Other Actors
mistral:7b,NIG22333,V,P,0.85,"[0.1, 0.05, 0.02, 0.85, 0.0, 0.03]",0.53,Other Actors
mistral:7b,NIG33999,E,V,0.95,"[0.1, 0.05, 0.02, 0.01, 0.005, 0.86]",0.54,Other Actors
mistral:7b,NIG19101,B,B,0.85,"[0.1, 0.25, 0.1, 0.05, 0.05, 0.45]",0.53,Other Actors
mistral:7b,NIG38837,B,B,0.95,"[0.1, 0.85, 0.02, 0.01, 0.01, 0.01]",0.53,Other Actors
mistral:7b,NIG21145,B,B,0.95,"[0.1, 0.85, 0.02, 0.01, 0.01, 0.01]",0.53,Other Actors
mistral:7b,NIG26773,B,R,0.85,"[0.1, 0.15, 0.2, 0.35, 0.05, 0.1]",0.53,Other Actors
mistral:7b,NIG17961,B,B,0.95,"[0.1, 0.85, 0.02, 0.01, 0.01, 0.01]",0.52,Other Actors
mistral:7b,NIG16887,B,B,0.95,"[0.1, 0.85, 0.02, 0.01, 0.01, 0.01]",0.53,Other Actors
mistral:7b,NIG16644,S,V,0.95,"[0.1, 0.05, 0.02, 0.0, 0.0, 0.83]",0.54,Other Actors
mistral:7b,NIG31610,B,B,0.95,"[0.05, 0.85, 0.02, 0.01, 0.03, 0.04]",0.52,Other Actors
mistral:7b,NIG21141,B,V,0.95,"[0.1, 0.05, 0.02, 0.01, 0.01, 0.81]",0.53,Other Actors
mistral:7b,NIG36017,V,V,0.95,"[0.1, 0.02, 0.01, 0.0, 0.0, 0.87]",0.53,Other Actors
mistral:7b,NIG16986,B,B,0.95,"[0.1, 0.75, 0.05, 0.02, 0.03, 0.05]",0.53,Other Actors
mistral:7b,NIG21791,B,B,0.95,"[0.1, 0.85, 0.02, 0.01, 0.01, 0.01]",0.54,Other Actors
mistral:7b,NIG29898,B,B,0.95,"[0.1, 0.25, 0.3, 0.05, 0.05, 0.2]",0.54,Other Actors
mistral:7b,NIG32014,E,B,0.95,"[0.1, 0.85, 0.02, 0.0, 0.02, 0.01]",0.53,Other Actors
mistral:7b,NIG36319,B,B,0.95,"[0.1, 0.85, 0.02, 0.01, 0.01, 0.01]",0.53,Other Actors
mistral:7b,NIG33620,E,B,0.95,"[0.1, 0.85, 0.02, 0.01, 0.01, 0.01]",0.54,Other Actors
mistral:7b,NIG17981,B,B,0.95,"[0.1, 0.25, 0.2, 0.05, 0.0, 0.4]",0.54,Other Actors
mistral:7b,NIG32278,E,B,0.95,"[0.1, 0.85, 0.02, 0.01, 0.01, 0.01]",0.53,Other Actors
mistral:7b,NIG31386,V,V,0.95,"[0.1, 0.05, 0.02, 0.01, 0.005, 0.76]",0.54,Other Actors
mistral:7b,NIG20699,B,B,0.95,"[0.1, 0.85, 0.02, 0.01, 0.01, 0.01]",0.53,Other Actors
mistral:7b,NIG26295,B,B,0.95,"[0.1, 0.75, 0.05, 0.02, 0.02, 0.06]",0.54,Other Actors
mistral:7b,NIG19107,B,B,0.95,"[0.1, 0.85, 0.02, 0.01, 0.01, 0.01]",0.53,Other Actors
mistral:7b,NIG25420,B,V,0.95,"[0.1, 0.05, 0.02, 0.01, 0.01, 0.81]",0.54,Other Actors
mistral:7b,NIG37460,B,B,0.95,"[0.1, 0.8, 0.02, 0.03, 0.04, 0.01]",0.55,Other Actors
mistral:7b,NIG35617,B,B,0.95,"[0.1, 0.85, 0.02, 0.01, 0.01, 0.01]",0.54,Other Actors
mistral:7b,NIG21043,B,V,0.95,"[0.1, 0.05, 0.02, 0.0, 0.0, 0.83]",0.53,Other Actors
mistral:7b,NIG32148,B,B,0.95,"[0.1, 0.2, 0.3, 0.15, 0.05, 0.2]",0.53,Other Actors
mistral:7b,NIG38102,B,B,0.95,"[0.1, 0.85, 0.02, 0.01, 0.01, 0.01]",0.56,Other Actors
mistral:7b,NIG18972,B,B,0.95,"[0.1, 0.85, 0.02, 0.01, 0.01, 0.01]",0.52,Other Actors
mistral:7b,NIG19017,E,B,0.95,"[0.1, 0.85, 0.02, 0.0, 0.02, 0.01]",0.52,Other Actors
mistral:7b,NIG29435,B,B,0.95,"[0.1, 0.85, 0.02, 0.01, 0.01, 0.01]",0.53,Other Actors
mistral:7b,NIG19587,B,B,0.95,"[0.1, 0.85, 0.02, 0.01, 0.01, 0.01]",0.53,Other Actors
mistral:7b,NIG24082,B,B,0.95,"[0.05, 0.85, 0.02, 0.01, 0.03, 0.04]",0.54,Other Actors
mistral:7b,NIG16603,V,V,0.95,"[0.1, 0.05, 0.02, 0.0, 0.0, 0.83]",0.53,Other Actors
mistral:7b,NIG19108,B,B,0.95,"[0.1, 0.85, 0.02, 0.0, 0.0, 0.03]",0.53,Other Actors
mistral:7b,NIG34647,B,B,0.95,"[0.1, 0.8, 0.02, 0.03, 0.04, 0.01]",0.53,Other Actors
